customer_id,age,gender,region,annual_income,tenure_months,purchase_frequency_per_month,avg_basket_value,total_spend_12m,recency_days,online_purchase_ratio,returns_rate,loyalty_member,email_open_rate,preferred_category,satisfaction_score
CUST10000,46,Male,South,70963.8,45,9.95,161.37,17821.53,10,0.766,0.083,1,0.594,Electronics,8.0
CUST10001,31,Female,West,51385.39,41,3.43,81.08,2895.89,22,0.355,0.1,1,0.735,Beauty,8.11
CUST10002,37,Male,East,87168.9,18,1.62,218.1,4392.59,87,0.0,0.112,0,0.098,Electronics,7.87
CUST10003,24,Female,West,47589.32,21,4.97,66.14,3847.99,30,0.814,0.133,0,0.481,Apparel,6.76
CUST10004,39,Male,West,41683.82,40,2.96,16.5,670.97,25,0.309,0.0,0,0.517,Sports & Outdoors,7.75
CUST10005,43,Male,East,41726.65,39,0.93,18.44,196.59,34,0.26,0.029,1,0.322,Groceries,
CUST10006,29,Male,East,35797.59,18,2.7,8.91,322.54,75,0.619,0.041,0,0.529,Beauty,7.78
CUST10007,29,Female,East,46465.86,63,4.56,58.64,3250.52,35,0.505,0.101,0,0.475,Groceries,9.27
CUST10008,54,Female,West,78725.11,18,2.15,261.45,7521.97,105,0.48,0.084,0,0.388,Groceries,6.25
CUST10009,68,Female,North,73146.64,12,1.25,173.1,2505.5,67,0.161,0.068,1,0.315,Apparel,8.02
CUST10010,33,Male,Central,33674.13,49,3.11,19.12,620.51,36,0.379,0.009,0,0.593,Electronics,5.65
CUST10011,56,Female,South,47601.26,27,2.28,94.89,2946.68,38,0.431,0.0,1,0.443,Groceries,9.4
CUST10012,31,Male,West,62311.46,9,5.06,74.38,4820.48,20,0.732,0.001,0,0.573,Beauty,7.15
CUST10013,38,Female,North,31826.45,38,2.77,16.62,573.29,59,0.458,0.09,1,0.625,Home & Kitchen,8.32
CUST10014,22,Female,East,35636.99,46,1.01,19.9,237.1,53,0.201,0.0,0,0.342,Beauty,6.09
CUST10015,40,Female,North,34552.75,57,1.53,17.71,331.7,44,0.176,0.104,1,0.384,Electronics,5.24
CUST10016,40,Female,East,114352.24,60,10.58,105.74,13880.42,9,0.577,0.129,1,0.663,Beauty,8.28
CUST10017,24,Male,East,46551.31,23,5.6,64.76,3780.6,15,1.0,0.07,0,0.445,Groceries,6.65
CUST10018,18,Male,West,48786.0,22,5.02,91.41,5017.5,10,0.774,0.0,0,0.702,Beauty,7.17
CUST10019,75,Male,North,101253.25,57,15.48,154.43,31215.56,7,0.475,0.142,0,0.251,Home & Kitchen,5.22
CUST10020,54,Male,South,57715.85,27,2.03,192.51,4702.65,25,0.242,0.113,0,0.199,Apparel,7.54
CUST10021,47,Male,North,41225.67,1,1.09,14.68,189.76,53,0.305,0.027,0,0.367,Beauty,6.04
CUST10022,41,Male,Central,88713.36,48,8.2,212.69,19071.93,9,0.636,0.072,1,0.48,Home & Kitchen,7.74
CUST10023,32,Male,West,106326.48,65,9.48,108.69,10571.42,3,0.873,0.049,1,0.572,Apparel,8.33
CUST10024,19,Female,South,38826.25,17,6.13,46.81,3167.88,8,0.807,0.084,0,0.663,Sports & Outdoors,5.78
CUST10025,58,Female,North,60246.55,33,2.06,240.42,6733.77,80,0.211,0.098,0,0.489,Apparel,9.39
CUST10026,31,Female,North,33237.15,27,1.9,16.04,408.81,69,0.454,0.098,0,0.555,Apparel,6.74
CUST10027,28,Male,North,24841.68,49,8.34,75.43,7425.52,18,0.634,0.172,1,0.312,Beauty,7.86
CUST10028,27,Female,East,35076.52,48,1.0,79.36,984.37,1,0.685,0.182,0,0.595,Sports & Outdoors,7.98
CUST10029,31,Male,North,34352.51,14,2.31,21.32,557.05,44,0.207,0.011,0,0.075,Beauty,7.94
CUST10030,37,Female,Central,68947.48,19,2.03,233.69,6407.76,57,0.116,0.086,0,0.406,Electronics,4.51
CUST10031,31,Male,South,34407.15,25,3.0,10.22,338.89,67,0.305,0.098,0,0.512,Home & Kitchen,6.53
CUST10032,29,Female,Central,34593.16,74,1.36,16.5,242.89,55,0.296,0.0,0,0.284,Beauty,6.73
CUST10033,37,Female,West,80797.09,40,3.46,99.5,3846.18,45,0.417,0.141,1,0.338,Apparel,6.36
CUST10034,49,Female,West,52850.67,60,3.82,73.7,3107.79,8,0.624,0.104,1,0.262,Sports & Outdoors,6.09
CUST10035,38,Non-binary,West,48191.13,58,3.21,81.33,2991.51,14,0.512,0.045,0,0.374,Electronics,5.68
CUST10036,52,Female,South,74206.76,32,8.41,126.13,11425.71,10,0.617,0.183,1,0.442,Apparel,6.96
CUST10037,34,Female,South,36248.53,45,1.65,8.39,166.24,88,0.18,0.062,0,0.296,Sports & Outdoors,7.87
CUST10038,67,Female,North,84253.77,20,3.04,225.62,7056.95,64,0.182,0.109,1,0.462,Home & Kitchen,7.82
CUST10039,23,Female,Central,45359.9,10,8.78,53.37,5399.57,12,0.719,0.045,1,0.524,Sports & Outdoors,8.5
CUST10040,39,Female,Central,29246.26,19,0.84,25.54,257.33,67,0.048,0.03,0,0.09,Home & Kitchen,8.47
CUST10041,22,Female,Central,31639.19,2,6.6,35.58,2924.93,12,0.777,0.106,0,0.377,Groceries,6.93
CUST10042,37,Male,Central,18957.07,19,1.18,17.55,243.08,53,0.335,0.041,0,0.663,Electronics,8.33
CUST10043,37,Female,South,60792.91,29,4.66,52.48,2624.26,39,0.476,0.013,1,0.417,Apparel,10.0
CUST10044,47,Female,Central,98727.69,28,11.86,100.77,14926.81,1,0.469,0.106,0,0.482,Beauty,8.14
CUST10045,55,Female,South,57834.27,5,3.21,218.19,8024.23,64,0.278,0.011,0,0.226,Electronics,8.11
CUST10046,51,Male,West,118600.86,41,5.87,122.41,8699.03,9,0.365,0.121,1,0.628,Groceries,9.8
CUST10047,24,Male,North,29825.28,20,5.52,33.31,2491.65,1,0.947,0.022,0,0.536,Sports & Outdoors,
CUST10048,25,Male,West,23066.8,27,3.52,54.08,2456.15,1,0.873,0.042,0,0.822,Electronics,7.73
CUST10049,29,Male,South,35518.18,34,3.74,18.13,763.8,51,0.605,0.19,0,0.595,Beauty,7.39
CUST10050,49,Female,North,57470.27,36,5.2,76.15,4482.95,14,0.407,0.101,0,0.487,Beauty,8.62
CUST10051,48,Male,Central,68220.32,14,1.25,248.9,3517.33,71,0.313,0.038,0,0.653,Groceries,6.91
CUST10052,34,Male,West,50881.74,20,2.62,40.1,1157.73,25,0.661,0.075,0,0.495,Beauty,6.47
CUST10053,37,Male,East,68124.09,1,5.95,58.31,3723.63,36,0.602,0.1,1,0.354,Apparel,7.54
CUST10054,27,Female,East,45939.94,39,4.24,36.9,2155.12,11,1.0,0.013,0,0.646,Sports & Outdoors,5.81
CUST10055,39,Male,North,37315.61,39,4.92,67.34,3926.16,19,0.261,0.033,1,0.374,Home & Kitchen,10.0
CUST10056,36,Female,Central,25412.83,12,2.9,14.56,467.45,52,0.368,0.015,0,0.284,Groceries,6.35
CUST10057,28,Female,South,29093.83,26,3.55,30.2,1185.94,18,0.186,0.066,0,0.196,Groceries,7.47
CUST10058,21,Male,North,28825.68,38,3.29,10.47,427.54,50,0.147,0.058,0,0.234,Groceries,6.35
CUST10059,55,Female,West,53885.34,25,9.6,190.03,19529.59,1,0.66,0.118,0,0.468,Groceries,6.98
CUST10060,45,Male,East,81895.95,21,8.54,188.12,20770.26,4,0.39,0.012,1,0.466,Groceries,7.66
CUST10061,45,Female,Central,106498.1,6,9.92,195.58,22514.45,3,0.573,0.014,0,0.351,Apparel,4.9
CUST10062,21,Male,East,57006.52,43,4.97,94.63,5701.29,39,0.581,0.05,1,0.622,Apparel,8.64
CUST10063,70,Non-binary,Central,98290.52,48,8.76,128.73,15438.78,11,0.664,0.029,0,0.55,Apparel,6.76
CUST10064,34,Male,East,102709.53,40,8.53,174.5,15612.01,13,1.0,0.076,0,0.651,Groceries,6.92
CUST10065,25,Male,South,44589.27,1,3.78,32.4,1299.36,13,0.861,0.068,1,0.469,Sports & Outdoors,9.77
CUST10066,40,Female,North,39542.36,30,0.98,25.46,266.29,42,0.534,0.067,0,0.639,Electronics,5.95
CUST10067,45,Female,East,51219.14,26,3.73,48.18,2352.89,42,0.423,0.075,1,0.469,Groceries,8.67
CUST10068,32,Male,South,26152.82,20,3.61,17.28,801.69,1,0.477,0.055,0,0.55,Apparel,6.81
CUST10069,45,Female,North,59952.13,69,4.55,72.78,3914.32,49,0.641,0.087,1,0.237,Groceries,8.37
CUST10070,62,Male,North,55040.73,43,2.1,263.95,5722.46,102,0.282,0.028,0,0.275,Groceries,7.46
CUST10071,35,Non-binary,West,42254.97,55,1.38,17.34,299.09,25,0.28,0.046,0,0.33,Groceries,6.76
CUST10072,34,Female,North,35308.91,16,2.54,28.17,852.75,32,0.379,0.0,1,0.349,Sports & Outdoors,7.17
CUST10073,32,Female,North,77782.49,35,2.83,22.63,717.96,36,0.855,0.074,1,0.339,Apparel,7.4
CUST10074,40,Female,West,65085.03,29,1.18,226.12,3395.12,78,0.0,0.114,0,0.24,Apparel,6.38
CUST10075,54,Male,Central,79533.46,44,2.39,140.07,3462.21,106,0.103,0.087,0,0.454,Groceries,5.79
CUST10076,47,Male,North,53192.31,33,1.71,214.61,4634.77,68,0.152,0.082,0,0.331,Beauty,7.28
CUST10077,31,Female,North,30095.93,35,3.83,22.57,1021.83,70,0.368,0.155,1,0.53,Groceries,7.3
CUST10078,53,Male,East,118171.84,13,10.18,169.6,22508.35,17,0.401,0.005,1,0.499,Groceries,8.57
CUST10079,19,Male,West,39027.47,25,4.09,22.68,992.61,25,0.572,0.0,0,0.327,Electronics,6.98
CUST10080,41,Female,Central,68263.42,30,6.09,72.0,4685.96,43,0.805,0.081,1,0.277,Apparel,6.02
CUST10081,56,Male,Central,63567.8,28,2.29,189.97,5036.4,110,0.305,0.082,0,0.213,Home & Kitchen,7.42
CUST10082,42,Female,East,117098.98,31,6.34,109.43,7945.91,1,0.377,0.085,0,0.387,Beauty,5.92
CUST10083,39,Female,Central,37130.65,17,1.45,10.79,207.89,41,0.566,0.083,0,0.719,Apparel,9.13
CUST10084,48,Male,East,124322.17,13,9.4,126.18,15326.11,5,0.543,0.061,1,0.45,Home & Kitchen,5.51
CUST10085,23,Female,North,151479.47,39,11.64,147.81,21102.26,7,0.607,0.092,0,0.453,Groceries,7.04
CUST10086,37,Male,East,56083.61,70,1.03,159.0,2047.3,96,0.121,0.083,0,0.518,Home & Kitchen,6.21
CUST10087,43,Female,West,80849.26,42,2.16,252.94,7081.34,87,0.161,0.119,0,0.233,Home & Kitchen,7.4
CUST10088,31,Female,East,53554.81,30,3.47,64.46,2921.0,2,0.532,0.019,0,0.218,Apparel,6.53
CUST10089,24,Male,South,34923.01,17,6.34,63.04,5115.7,8,0.712,0.089,0,0.709,Home & Kitchen,7.01
CUST10090,40,Female,West,26158.72,37,2.98,21.03,699.7,66,0.764,0.035,0,0.425,Beauty,6.91
CUST10091,39,Male,South,64794.32,33,2.19,173.06,4507.56,95,0.489,0.105,0,0.475,Groceries,5.92
CUST10092,48,Male,West,82174.57,58,1.64,255.36,5338.16,73,0.547,0.0,1,0.543,Beauty,7.02
CUST10093,25,Female,South,30764.21,28,10.48,38.85,4316.04,1,0.847,0.116,0,0.511,Home & Kitchen,7.55
CUST10094,57,Female,North,50917.5,2,2.53,205.45,5551.81,95,0.089,0.101,0,0.196,Beauty,8.55
CUST10095,22,Female,North,43428.69,43,4.91,42.56,2143.22,12,0.75,0.034,0,0.491,Home & Kitchen,6.2
CUST10096,22,Female,Central,41992.53,25,7.23,50.51,4078.62,11,0.801,0.138,0,0.426,Apparel,7.25
CUST10097,27,Female,West,31319.93,42,1.68,48.83,970.27,19,0.715,0.094,0,0.455,Apparel,7.0
CUST10098,28,Male,East,31743.78,45,3.35,28.64,1246.5,87,0.415,0.159,0,0.54,Groceries,8.76
CUST10099,25,Female,North,33479.03,15,3.0,24.84,1005.68,76,0.198,0.0,0,0.507,Beauty,7.41
CUST10100,33,Male,West,36638.08,41,0.81,13.68,143.58,31,0.538,0.069,0,0.436,Home & Kitchen,5.72
CUST10101,53,Male,South,78319.5,29,0.2,245.89,573.63,52,0.296,0.174,0,0.162,Home & Kitchen,7.12
CUST10102,49,Female,South,95344.66,42,7.4,157.08,14638.09,17,0.512,0.0,1,0.676,Home & Kitchen,8.43
CUST10103,21,Male,West,49427.11,19,8.73,48.5,4695.36,12,0.718,0.098,0,1.0,Home & Kitchen,5.45
CUST10104,40,Female,South,56504.05,37,4.63,80.58,4287.66,39,0.411,0.0,0,0.317,Sports & Outdoors,6.78
CUST10105,49,Male,South,106835.44,38,10.1,109.73,13014.21,6,0.258,0.145,1,0.35,Home & Kitchen,7.77
CUST10106,23,Male,Central,46294.85,7,5.74,67.67,4429.19,1,0.849,0.078,0,0.164,Groceries,7.5
CUST10107,60,Male,Central,79168.76,26,2.54,181.18,5601.75,1,0.437,0.093,0,0.334,Apparel,7.38
CUST10108,34,Male,Central,81517.43,10,12.04,168.72,25938.88,6,0.777,0.0,0,0.464,Sports & Outdoors,6.14
CUST10109,24,Male,North,32852.09,43,1.21,7.2,104.02,47,0.088,0.0,0,0.348,Electronics,8.09
CUST10110,64,Male,Central,150978.53,24,10.52,133.59,18988.32,10,0.728,0.15,0,0.618,Apparel,7.56
CUST10111,31,Male,North,29241.62,17,1.56,20.72,393.17,51,0.283,0.154,0,0.579,Apparel,2.97
CUST10112,37,Female,South,59547.95,62,5.51,51.97,3807.89,27,0.698,0.062,1,0.546,Apparel,9.48
CUST10113,43,Female,North,65110.76,26,2.56,88.27,3070.63,25,0.703,0.036,0,0.515,Apparel,7.51
CUST10114,28,Female,South,74129.79,18,1.08,128.84,1452.79,29,0.417,0.137,0,0.345,Beauty,5.04
CUST10115,33,Male,West,42499.32,37,3.77,76.12,3875.58,33,0.599,0.052,1,0.541,Electronics,7.79
CUST10116,51,Male,East,48866.39,15,3.66,100.63,4402.37,11,0.251,0.027,1,0.518,Sports & Outdoors,6.38
CUST10117,29,Male,North,30370.07,44,4.17,26.04,1385.11,19,0.474,0.003,0,0.274,Beauty,6.39
CUST10118,36,Female,North,44930.21,20,2.82,79.13,2775.32,32,0.695,0.053,1,0.519,Sports & Outdoors,8.71
CUST10119,22,Male,South,41784.07,1,4.27,42.89,2154.85,14,0.869,0.038,0,0.563,Beauty,7.28
CUST10120,29,Female,South,61499.62,25,5.88,79.22,5461.43,24,0.464,0.095,1,0.678,Apparel,9.68
CUST10121,42,Male,North,59720.02,45,4.6,83.37,4630.27,30,0.314,0.104,1,0.497,Beauty,7.44
CUST10122,40,Female,Central,119527.11,9,9.83,171.3,21918.08,7,0.804,0.066,1,0.766,Beauty,7.8
CUST10123,30,Female,West,31816.58,30,1.82,12.59,298.43,59,0.326,0.01,0,0.526,Groceries,8.62
CUST10124,34,Male,North,74892.67,48,9.25,81.91,9879.86,1,0.657,0.037,1,0.325,Home & Kitchen,6.25
CUST10125,26,Male,West,35419.51,20,6.62,12.65,978.71,14,0.872,0.0,1,0.506,Apparel,5.8
CUST10126,34,Female,East,52049.1,17,5.77,86.53,5280.8,10,0.508,0.0,1,0.816,Apparel,8.52
CUST10127,48,Male,Central,47100.74,36,4.84,70.69,3993.78,42,0.425,0.1,0,0.335,Home & Kitchen,5.93
CUST10128,25,Female,North,32514.12,12,1.57,19.53,357.09,27,0.289,0.093,0,0.392,Apparel,5.48
CUST10129,25,Female,North,45774.92,36,7.87,41.65,4168.72,17,0.756,0.089,0,0.686,Apparel,7.11
CUST10130,28,Male,West,66097.07,61,5.28,63.23,3421.66,9,0.849,0.006,0,0.354,Groceries,7.38
CUST10131,38,Male,East,98803.11,18,12.0,122.78,17004.98,1,0.674,0.001,1,0.411,Groceries,5.35
CUST10132,32,Male,East,35906.97,31,2.82,19.83,655.3,73,0.142,0.031,0,0.018,Beauty,7.77
CUST10133,55,Male,South,122471.35,36,7.2,158.51,14754.85,8,0.526,0.071,0,0.576,Home & Kitchen,7.66
CUST10134,31,Female,East,37997.9,48,3.45,97.1,4468.83,9,0.553,0.074,0,0.523,Beauty,9.21
CUST10135,50,Male,South,113550.45,33,7.36,169.91,14207.42,2,0.728,0.088,1,0.608,Apparel,6.6
CUST10136,28,Female,South,42834.61,21,7.43,56.39,4662.38,4,0.993,0.057,1,0.548,Home & Kitchen,8.42
CUST10137,45,Female,East,89307.82,17,1.85,124.13,2956.78,61,0.495,0.074,0,0.816,Apparel,5.87
CUST10138,44,Male,Central,92579.06,41,9.83,190.1,24199.94,13,0.288,0.126,1,0.444,Home & Kitchen,8.93
CUST10139,23,Male,Central,40249.63,34,4.75,59.15,3443.12,35,0.675,0.006,0,0.28,Beauty,5.8
CUST10140,48,Male,North,60493.16,51,5.4,98.75,6154.86,24,0.402,0.119,0,0.421,Beauty,5.61
CUST10141,45,Female,West,81526.17,31,10.88,160.97,20711.6,1,0.472,0.033,0,0.467,Electronics,6.92
CUST10142,31,Female,North,33831.49,18,6.49,55.77,4653.92,21,0.88,0.071,1,0.808,Electronics,8.69
CUST10143,54,Male,West,99702.8,27,9.83,167.97,21224.88,10,0.482,0.071,1,0.488,Home & Kitchen,7.88
CUST10144,36,Female,Central,60156.22,55,13.09,104.8,16050.22,6,0.681,0.073,1,0.403,Sports & Outdoors,7.74
CUST10145,36,Non-binary,South,32123.27,5,3.04,10.69,446.17,36,0.514,0.01,1,0.484,Electronics,8.31
CUST10146,56,Female,South,80744.53,10,1.05,231.86,2489.62,120,0.233,0.004,1,0.346,Sports & Outdoors,9.23
CUST10147,20,Female,Central,25548.92,10,4.92,28.62,1459.08,13,0.852,0.089,1,0.783,Sports & Outdoors,8.16
CUST10148,47,Male,Central,31551.53,25,0.2,9.19,20.91,36,0.505,0.113,0,0.378,Electronics,7.58
CUST10149,62,Male,South,96337.03,31,11.74,141.34,18600.8,9,0.534,0.069,1,0.428,Groceries,8.07
CUST10150,39,Male,Central,63287.09,24,6.53,106.63,8929.72,39,0.416,0.097,0,0.797,Beauty,9.93
CUST10151,47,Female,North,101753.91,17,12.39,164.11,24288.81,7,0.313,0.047,0,0.296,Sports & Outdoors,6.48
CUST10152,39,Male,East,37992.9,26,3.87,21.64,1068.46,82,0.368,0.09,0,0.58,Electronics,8.13
CUST10153,27,Female,West,39938.57,24,7.02,103.89,7501.06,1,1.0,0.074,0,0.515,Beauty,
CUST10154,48,Male,North,50128.42,43,6.36,58.93,4584.81,28,0.433,0.004,0,0.334,Electronics,7.29
CUST10155,38,Male,West,65457.44,10,6.51,96.87,7101.86,14,0.891,0.087,0,0.591,Apparel,10.0
CUST10156,61,Female,North,83575.66,15,1.04,133.24,1826.5,71,0.13,0.0,0,0.269,Sports & Outdoors,6.11
CUST10157,59,Female,South,53196.12,6,1.18,134.38,1724.16,100,0.234,0.103,0,0.341,Groceries,8.97
CUST10158,41,Female,West,112172.25,60,6.99,175.42,16648.37,4,0.486,0.038,0,0.48,Electronics,7.69
CUST10159,49,Male,East,40240.53,32,2.35,112.51,3550.19,38,0.214,0.01,0,0.492,Sports & Outdoors,8.97
CUST10160,58,Female,South,58115.77,4,11.04,114.96,17030.31,4,0.5,0.082,0,0.583,Groceries,9.07
CUST10161,58,Male,North,79857.52,19,0.7,232.7,1736.42,116,0.197,0.039,1,0.133,Sports & Outdoors,8.03
CUST10162,27,Male,Central,83429.82,50,2.1,236.0,5642.59,10,0.201,0.034,0,0.35,Home & Kitchen,6.38
CUST10163,29,Female,North,41927.02,63,4.57,58.45,3626.79,7,0.873,0.0,0,0.676,Beauty,6.01
CUST10164,31,Male,North,33022.78,19,1.54,16.76,295.7,57,0.374,0.071,0,0.586,Groceries,6.88
CUST10165,52,Male,East,51432.61,38,7.53,105.19,8166.23,14,0.394,0.0,0,0.352,Home & Kitchen,6.85
CUST10166,45,Female,Central,66625.67,56,9.88,131.04,15688.39,14,0.836,0.032,0,0.795,Groceries,6.8
CUST10167,30,Male,West,30405.35,1,2.5,27.47,924.51,13,0.288,0.078,0,0.409,Groceries,8.45
CUST10168,25,Female,North,27565.9,24,2.95,15.81,579.91,40,0.543,0.012,0,0.436,Home & Kitchen,5.83
CUST10169,25,Male,West,27633.18,24,4.57,29.57,1581.85,1,0.976,0.043,0,0.467,Electronics,7.1
CUST10170,43,Male,North,64625.4,13,2.25,179.36,4510.44,71,0.291,0.012,1,0.364,Groceries,7.93
CUST10171,28,Female,West,38027.56,1,2.6,14.98,496.03,51,0.339,0.077,0,0.365,Home & Kitchen,8.2
CUST10172,19,Male,Central,35219.83,32,4.6,28.99,1498.07,9,0.828,0.035,0,0.73,Groceries,5.89
CUST10173,34,Female,West,65637.04,19,5.91,143.83,9121.53,14,0.613,0.083,1,0.311,Beauty,5.65
CUST10174,28,Male,East,81911.11,45,1.36,254.69,4530.76,37,0.086,0.077,1,0.183,Electronics,7.9
CUST10175,45,Female,North,25149.97,48,2.12,16.76,400.11,57,0.517,0.071,0,0.258,Home & Kitchen,9.41
CUST10176,75,Male,Central,68163.87,33,1.76,187.04,3979.16,55,0.191,0.018,0,0.227,Electronics,3.56
CUST10177,37,Female,West,109943.45,60,11.25,155.79,22185.71,13,0.314,0.136,0,0.146,Groceries,6.46
CUST10178,36,Female,South,59050.41,23,6.11,93.6,7277.79,34,0.311,0.046,1,0.154,Electronics,9.89
CUST10179,32,Female,Central,30069.76,20,2.58,16.36,530.67,73,0.019,0.016,0,0.549,Home & Kitchen,9.79
CUST10180,28,Male,East,114057.11,34,8.57,167.02,18191.19,10,0.403,0.0,0,0.517,Beauty,8.77
CUST10181,40,Female,West,27144.27,41,1.7,15.75,353.3,33,0.339,0.074,1,0.432,Sports & Outdoors,7.49
CUST10182,31,Male,South,57871.33,6,6.5,58.17,3871.98,20,0.542,0.022,1,0.554,Electronics,10.0
CUST10183,23,Female,North,70034.2,55,4.07,66.19,3595.81,17,0.457,0.0,0,0.629,Apparel,7.91
CUST10184,56,Female,East,94370.36,15,13.15,167.52,27001.58,14,0.397,0.077,1,0.371,Sports & Outdoors,9.36
CUST10185,44,Male,East,41928.33,75,2.53,230.99,7104.49,66,0.214,0.028,1,0.541,Apparel,10.0
CUST10186,38,Male,Central,62564.99,10,3.62,42.55,2068.63,45,0.663,0.067,1,0.651,Apparel,8.7
CUST10187,19,Female,East,49070.01,42,4.07,69.43,3137.85,9,1.0,0.053,1,0.664,Apparel,7.93
CUST10188,23,Female,Central,31501.39,12,6.62,44.54,3446.32,5,1.0,0.0,0,0.555,Electronics,7.07
CUST10189,36,Male,North,85935.98,16,8.49,142.69,12871.01,15,0.732,0.047,1,0.56,Beauty,5.63
CUST10190,21,Male,Central,27183.05,39,2.43,17.55,561.14,84,0.142,0.134,1,0.683,Groceries,7.11
CUST10191,43,Male,West,44825.95,1,3.22,40.86,1814.75,40,0.565,0.011,1,0.549,Apparel,9.51
CUST10192,32,Male,West,63442.83,32,4.27,50.74,2915.65,9,0.729,0.031,1,0.475,Electronics,6.17
CUST10193,42,Male,Central,55740.57,28,1.26,210.38,3110.6,1,0.023,0.066,1,0.246,Groceries,7.78
CUST10194,46,Female,South,123595.28,23,10.74,100.06,11742.91,7,0.389,0.039,1,0.398,Home & Kitchen,7.21
CUST10195,45,Female,South,73910.22,33,13.24,206.41,34224.0,8,0.755,0.0,1,0.458,Electronics,7.74
CUST10196,59,Male,West,84744.13,12,2.57,265.3,7101.53,67,0.175,0.085,0,0.282,Beauty,
CUST10197,38,Non-binary,Central,60074.21,41,3.31,90.42,3641.16,8,0.415,0.112,1,0.29,Groceries,6.09
CUST10198,39,Male,West,55455.9,26,4.4,101.65,4875.11,41,0.612,0.062,0,0.624,Apparel,6.21
CUST10199,40,Female,Central,74365.91,12,2.7,76.99,2216.3,90,0.0,0.141,1,0.213,Beauty,6.17
CUST10200,67,Male,Central,95865.54,42,1.73,135.66,2411.74,137,0.489,0.019,0,0.496,Apparel,9.18
CUST10201,23,Female,South,29755.64,13,1.4,18.23,290.11,7,0.259,0.088,0,0.347,Electronics,7.62
CUST10202,26,Male,East,31628.96,29,3.35,30.72,1059.0,56,0.0,0.062,0,0.44,Beauty,7.53
CUST10203,24,Female,South,63387.62,20,3.42,48.92,1971.79,20,0.439,0.124,0,0.329,Groceries,7.3
CUST10204,58,Male,Central,82230.6,47,1.62,212.48,3898.59,111,0.004,0.045,0,0.171,Home & Kitchen,5.91
CUST10205,49,Female,North,36524.46,25,2.98,19.19,628.78,57,0.295,0.083,1,0.389,Beauty,9.13
CUST10206,27,Male,West,38491.91,26,1.15,15.51,232.2,45,0.367,0.08,0,0.262,Beauty,6.92
CUST10207,50,Male,East,46086.13,20,1.32,103.23,1520.77,113,0.365,0.0,1,0.426,Apparel,8.09
CUST10208,31,Male,East,34220.37,12,2.38,20.75,546.97,35,0.323,0.058,0,0.436,Apparel,7.58
CUST10209,28,Female,East,37295.89,16,2.07,23.3,545.2,48,0.29,0.021,1,0.262,Beauty,7.81
CUST10210,27,Female,North,34163.58,39,6.8,34.17,2512.74,18,0.965,0.042,1,0.559,Groceries,10.0
CUST10211,56,Male,Central,82675.55,56,0.94,311.67,4039.31,22,0.356,0.054,0,0.384,Home & Kitchen,8.14
CUST10212,60,Female,West,63273.7,49,1.4,229.96,3596.78,102,0.217,0.133,0,0.344,Groceries,7.47
CUST10213,49,Male,Central,95710.05,48,5.41,93.95,6109.36,9,0.123,0.052,1,0.31,Beauty,7.72
CUST10214,20,Male,South,54944.13,51,2.1,262.69,6251.62,62,0.148,0.1,0,0.511,Home & Kitchen,4.87
CUST10215,49,Female,South,107232.36,30,9.37,129.91,13949.52,7,0.698,0.008,1,0.728,Electronics,8.95
CUST10216,43,Female,South,86831.74,50,7.57,178.26,17960.2,17,0.429,0.061,1,0.397,Sports & Outdoors,9.62
CUST10217,29,Female,West,75215.8,34,2.04,224.76,6081.22,105,0.207,0.0,0,0.161,Home & Kitchen,
CUST10218,28,Female,East,49573.34,11,0.35,204.84,767.23,70,0.201,0.001,0,0.408,Electronics,6.43
CUST10219,37,Male,Central,42092.11,24,3.67,77.55,3762.32,15,0.084,0.048,1,0.333,Home & Kitchen,8.15
CUST10220,61,Female,Central,34500.82,56,2.14,157.92,4350.02,59,0.115,0.061,0,0.359,Electronics,5.88
CUST10221,21,Male,Central,30581.56,53,7.59,51.76,4728.4,14,0.785,0.061,0,0.185,Groceries,4.46
CUST10222,43,Female,South,34885.45,12,2.3,14.83,420.7,65,0.137,0.04,0,0.196,Electronics,7.01
CUST10223,52,Female,South,96931.69,27,10.89,227.66,29499.54,12,0.745,0.0,1,0.137,Electronics,8.62
CUST10224,41,Female,North,92276.61,21,5.51,160.7,9318.51,4,0.511,0.021,0,0.452,Electronics,7.18
CUST10225,46,Male,Central,77787.01,22,13.12,161.93,28379.97,6,0.239,0.049,0,0.493,Apparel,5.42
CUST10226,41,Female,South,53640.73,43,5.3,97.17,6961.89,22,0.25,0.018,1,0.419,Home & Kitchen,7.82
CUST10227,46,Female,North,109844.01,39,7.49,78.75,8113.17,13,0.363,0.083,0,0.159,Home & Kitchen,8.51
CUST10228,36,Female,East,49309.73,9,3.78,104.92,5114.33,16,0.694,0.084,1,0.41,Groceries,6.63
CUST10229,48,Female,East,76224.79,23,2.46,206.44,5415.92,130,0.284,0.0,0,0.529,Home & Kitchen,8.05
CUST10230,49,Male,East,78840.25,30,2.35,236.56,6661.0,23,0.139,0.097,1,0.107,Electronics,8.94
CUST10231,27,Female,Central,34675.52,8,6.19,42.84,3381.2,9,0.886,0.047,0,0.391,Apparel,7.98
CUST10232,26,Female,South,45521.79,12,6.27,48.61,3209.52,3,0.76,0.09,0,0.615,Home & Kitchen,7.88
CUST10233,22,Male,East,28079.57,39,6.7,46.3,3376.16,14,0.869,0.132,0,0.765,Home & Kitchen,9.07
CUST10234,37,Male,Central,28027.52,50,1.91,22.58,556.01,33,0.55,0.061,0,0.428,Apparel,8.35
CUST10235,25,Female,West,63195.53,30,2.95,231.64,8481.96,49,0.245,0.084,0,0.0,Electronics,6.49
CUST10236,37,Male,Central,84021.79,51,12.94,141.01,20332.61,8,0.415,0.049,1,0.415,Home & Kitchen,7.19
CUST10237,31,Female,South,34476.7,51,2.69,24.36,828.91,8,0.371,0.063,0,0.314,Electronics,6.32
CUST10238,49,Female,Central,57666.72,46,1.94,255.95,6074.85,26,0.295,0.039,0,0.373,Beauty,7.85
CUST10239,42,Female,West,30068.52,32,2.23,17.45,423.12,60,0.445,0.0,0,0.296,Groceries,6.13
CUST10240,27,Male,West,65539.86,21,5.24,57.31,3418.37,6,0.478,0.066,1,0.385,Apparel,7.44
CUST10241,41,Female,West,59372.31,60,2.53,53.81,1695.81,25,0.416,0.0,1,0.331,Groceries,4.53
CUST10242,26,Male,North,60638.63,4,5.37,73.63,4323.2,15,0.34,0.032,0,0.251,Apparel,5.35
CUST10243,42,Female,East,99173.16,59,11.87,112.79,14750.57,15,0.244,0.041,1,0.337,Electronics,5.61
CUST10244,34,Non-binary,East,28187.46,32,4.18,24.0,1026.99,78,0.248,0.0,0,0.332,Apparel,7.62
CUST10245,48,Non-binary,West,55470.72,42,1.68,60.77,1148.38,46,0.545,0.056,1,0.583,Groceries,9.13
CUST10246,24,Female,South,31277.69,18,7.98,41.74,4563.34,16,0.802,0.064,0,0.5,Groceries,5.1
CUST10247,38,Male,Central,41865.11,28,4.24,57.92,2733.31,1,0.425,0.028,1,0.457,Electronics,10.0
CUST10248,36,Female,North,55718.64,39,4.04,47.04,2016.74,24,0.609,0.0,0,0.691,Sports & Outdoors,7.89
CUST10249,35,Female,North,62345.98,1,5.38,73.29,5382.97,25,0.584,0.041,1,0.228,Apparel,8.6
CUST10250,57,Male,South,101065.87,62,6.38,64.77,4802.86,3,0.817,0.048,1,0.716,Beauty,7.15
CUST10251,45,Female,East,105050.06,1,13.64,123.14,18156.98,9,0.189,0.102,0,0.356,Beauty,8.61
CUST10252,35,Female,West,48988.52,19,4.84,58.37,3602.43,27,0.185,0.115,1,0.233,Electronics,8.59
CUST10253,57,Male,North,95817.4,24,9.56,124.0,16046.88,12,0.621,0.0,0,0.339,Apparel,7.15
CUST10254,40,Female,West,30249.45,9,2.44,20.96,657.34,50,0.051,0.106,1,0.295,Apparel,7.05
CUST10255,24,Male,Central,39506.26,21,9.04,46.15,4261.73,29,0.885,0.127,0,0.554,Electronics,4.25
CUST10256,30,Female,Central,61832.6,19,4.32,91.69,4923.88,19,0.449,0.004,1,0.377,Apparel,7.17
CUST10257,36,Male,South,68433.9,5,0.8,83.69,783.71,107,0.102,0.019,1,0.167,Apparel,8.54
CUST10258,23,Male,North,37034.62,19,8.44,28.85,2875.05,5,0.954,0.105,0,0.688,Beauty,5.8
CUST10259,23,Female,West,20210.25,61,2.63,7.75,240.54,28,0.432,0.079,1,0.158,Sports & Outdoors,7.22
CUST10260,36,Male,South,55323.07,41,1.03,203.52,2718.23,56,0.298,0.089,1,0.545,Home & Kitchen,8.27
CUST10261,33,Male,Central,55324.07,10,3.63,74.02,3405.66,4,0.418,0.067,0,0.07,Electronics,9.75
CUST10262,37,Male,Central,28506.16,46,1.12,24.43,292.44,19,0.434,0.054,0,0.5,Home & Kitchen,3.68
CUST10263,23,Male,East,26830.62,21,8.92,42.28,4317.2,25,0.961,0.0,1,0.629,Groceries,7.26
CUST10264,36,Male,North,63468.82,17,4.35,63.07,3220.26,31,0.631,0.057,1,0.519,Apparel,8.56
CUST10265,57,Male,South,64249.12,27,2.2,253.69,7037.52,43,0.415,0.037,1,0.424,Groceries,8.34
CUST10266,44,Female,North,45305.65,40,2.02,115.28,2448.89,68,0.427,0.0,0,0.237,Electronics,7.9
CUST10267,51,Female,South,59100.13,43,1.42,269.58,4715.05,107,0.0,0.13,0,0.141,Apparel,7.87
CUST10268,53,Female,North,102518.25,53,9.27,153.56,18120.78,9,0.807,0.087,0,0.473,Beauty,8.15
CUST10269,51,Female,North,83597.06,23,7.25,163.85,16052.91,5,0.577,0.059,0,0.372,Groceries,6.55
CUST10270,47,Male,Central,50400.86,39,5.65,69.75,4295.45,23,0.688,0.042,0,0.58,Apparel,5.85
CUST10271,39,Female,West,58803.07,54,3.29,59.37,2094.03,18,0.459,0.042,1,0.266,Electronics,8.52
CUST10272,32,Female,North,50057.93,37,4.08,53.86,2354.83,16,0.397,0.0,1,0.261,Electronics,
CUST10273,44,Female,North,48624.12,11,4.78,64.54,3634.16,22,0.615,0.157,1,0.54,Apparel,8.23
CUST10274,22,Female,North,28957.73,13,8.06,35.22,3814.21,2,0.955,0.055,0,0.709,Electronics,7.52
CUST10275,21,Female,East,30409.39,22,6.44,46.17,4081.58,12,0.936,0.076,0,0.505,Electronics,6.25
CUST10276,42,Female,Central,55824.78,39,1.66,161.25,2862.43,89,0.0,0.074,1,0.489,Groceries,8.83
CUST10277,47,Female,East,85896.69,18,2.52,265.13,7669.58,61,0.088,0.07,0,0.325,Groceries,7.48
CUST10278,60,Female,South,64304.42,36,2.21,261.8,5972.97,85,0.219,0.008,0,0.307,Apparel,5.4
CUST10279,67,Male,West,60314.39,29,1.84,191.42,4500.89,109,0.0,0.055,0,0.167,Groceries,8.26
CUST10280,30,Female,South,35195.66,30,4.67,57.08,2769.52,43,0.592,0.036,0,0.488,Home & Kitchen,9.67
CUST10281,62,Female,South,87966.83,35,8.42,232.34,22306.06,7,0.275,0.051,0,0.715,Home & Kitchen,8.01
CUST10282,44,Female,West,108710.43,24,7.58,108.06,10881.59,7,0.421,0.056,1,0.638,Home & Kitchen,8.87
CUST10283,23,Female,West,36389.61,8,3.43,22.39,1056.95,65,0.585,0.021,0,0.61,Apparel,8.79
CUST10284,20,Female,West,35567.95,35,3.89,60.98,3186.36,9,0.956,0.016,0,0.575,Home & Kitchen,7.54
CUST10285,37,Male,Central,35285.93,32,3.07,14.67,552.04,35,0.465,0.001,0,0.445,Sports & Outdoors,7.17
CUST10286,25,Female,North,36806.04,36,6.57,53.01,3814.09,16,0.952,0.036,0,0.608,Groceries,8.98
CUST10287,24,Female,North,31919.74,41,6.95,67.01,5622.84,14,0.76,0.08,0,0.44,Apparel,8.18
CUST10288,50,Female,West,88335.94,51,9.98,116.87,12877.41,9,0.388,0.031,0,0.533,Groceries,6.25
CUST10289,20,Female,East,40245.93,30,3.63,41.21,1966.58,20,0.93,0.011,0,0.676,Home & Kitchen,7.49
CUST10290,29,Male,South,38649.6,42,1.93,24.45,605.3,46,0.251,0.067,0,0.406,Home & Kitchen,8.26
CUST10291,26,Female,East,28876.43,68,0.61,15.69,109.54,43,0.33,0.152,0,0.384,Apparel,7.5
CUST10292,31,Male,East,61523.3,41,6.36,62.45,4123.1,34,0.213,0.02,0,0.41,Apparel,7.14
CUST10293,44,Female,East,71086.95,48,10.7,133.04,19589.98,1,0.616,0.124,1,0.428,Electronics,7.8
CUST10294,38,Male,East,35718.43,54,0.59,18.56,132.66,35,0.236,0.027,1,0.474,Beauty,7.75
CUST10295,25,Male,East,37794.63,28,4.92,50.11,3394.45,9,0.872,0.041,1,0.416,Groceries,8.49
CUST10296,41,Male,East,74233.26,5,1.61,226.12,4345.52,43,0.126,0.024,0,0.258,Groceries,7.61
CUST10297,35,Female,South,37907.33,25,3.72,12.49,513.76,35,0.958,0.016,1,0.48,Apparel,7.66
CUST10298,38,Male,North,73539.97,1,1.88,239.79,5893.51,23,0.274,0.051,0,0.432,Apparel,8.16
CUST10299,30,Male,North,34267.3,13,1.12,9.3,120.31,52,0.283,0.09,1,0.251,Sports & Outdoors,8.09
CUST10300,40,Male,Central,32947.85,54,1.23,19.27,315.21,66,0.294,0.125,0,0.638,Groceries,7.49
CUST10301,26,Female,East,45939.02,29,5.85,32.14,2289.75,7,0.749,0.048,0,0.67,Apparel,7.92
CUST10302,23,Male,Central,25720.08,52,5.23,58.21,4158.8,21,0.974,0.051,0,0.802,Groceries,9.26
CUST10303,68,Male,North,73480.56,38,1.16,250.19,3426.75,106,0.28,0.057,1,0.462,Apparel,7.68
CUST10304,62,Male,West,49839.76,34,1.16,296.95,4125.31,76,0.224,0.0,1,0.552,Groceries,6.0
CUST10305,29,Male,North,66396.38,34,3.09,59.89,2356.72,2,0.592,0.032,1,0.458,Home & Kitchen,6.98
CUST10306,20,Male,East,16359.05,17,6.63,71.74,5172.81,1,0.856,0.086,0,0.409,Beauty,6.25
CUST10307,49,Male,West,103302.82,24,8.4,176.04,17464.63,2,0.733,0.135,0,0.484,Apparel,7.73
CUST10308,47,Male,Central,44009.08,53,3.39,135.93,5808.46,44,0.184,0.061,0,0.465,Sports & Outdoors,7.96
CUST10309,50,Male,East,78526.28,25,10.98,150.3,20688.63,8,0.899,0.12,0,0.425,Home & Kitchen,7.57
CUST10310,21,Female,South,20843.55,24,6.86,57.47,4467.06,10,0.879,0.097,0,0.705,Apparel,6.74
CUST10311,36,Male,West,34265.79,22,3.33,21.92,897.23,56,0.301,0.016,1,0.282,Groceries,9.71
CUST10312,35,Female,East,32604.75,12,2.54,24.22,655.84,51,0.572,0.067,0,0.615,Sports & Outdoors,10.0
CUST10313,48,Male,South,56825.38,21,5.32,65.01,3956.6,30,0.319,0.055,1,0.443,Apparel,7.99
CUST10314,34,Male,Central,64700.37,66,3.34,82.95,3579.52,41,0.464,0.092,0,0.684,Groceries,7.54
CUST10315,49,Male,North,46936.41,1,1.71,241.16,4805.18,125,0.162,0.101,0,0.31,Apparel,7.11
CUST10316,24,Male,Central,35618.74,54,6.97,18.92,1445.22,4,0.719,0.096,0,0.627,Home & Kitchen,8.88
CUST10317,36,Male,North,34687.18,22,2.16,19.14,470.47,64,0.294,0.045,0,0.28,Beauty,7.36
CUST10318,18,Female,East,36180.55,44,2.91,18.1,678.8,66,0.532,0.017,0,0.178,Apparel,7.27
CUST10319,51,Female,West,88567.32,38,13.23,191.37,26879.69,16,0.367,0.036,0,0.594,Home & Kitchen,6.45
CUST10320,24,Female,East,38543.45,1,7.33,42.09,3526.01,28,0.854,0.064,0,0.408,Apparel,6.3
CUST10321,62,Female,East,62946.57,32,1.21,265.54,3886.31,65,0.173,0.099,0,0.526,Home & Kitchen,6.6
CUST10322,42,Male,East,76791.19,67,1.94,163.63,3908.46,79,0.187,0.079,0,0.261,Home & Kitchen,6.09
CUST10323,58,Male,Central,98048.75,16,10.11,123.44,13349.8,10,0.917,0.143,0,0.907,Apparel,7.54
CUST10324,37,Male,West,46575.67,19,5.48,81.78,6016.67,36,0.498,0.0,0,0.572,Electronics,8.01
CUST10325,32,Female,North,39364.86,50,2.24,363.46,9454.75,88,0.501,0.034,0,0.381,Sports & Outdoors,7.15
CUST10326,22,Male,South,30181.01,36,4.79,56.01,3246.0,14,0.947,0.0,0,0.661,Apparel,7.05
CUST10327,30,Female,North,56237.55,1,1.07,248.74,2995.9,92,0.335,0.028,0,0.27,Beauty,9.04
CUST10328,30,Male,East,42110.19,31,3.01,31.23,1181.64,22,0.833,0.098,0,0.519,Beauty,6.83
CUST10329,34,Male,Central,109588.95,30,15.06,110.81,22179.44,14,0.623,0.043,1,0.316,Beauty,7.54
CUST10330,46,Non-binary,West,77625.03,1,8.82,179.61,16653.02,1,0.411,0.087,1,0.607,Home & Kitchen,7.52
CUST10331,51,Female,West,58272.08,46,1.34,219.12,3653.57,76,0.318,0.196,0,0.41,Groceries,4.7
CUST10332,20,Female,North,28631.97,1,2.17,28.05,780.81,39,0.02,0.062,0,0.331,Groceries,8.71
CUST10333,36,Female,East,28001.4,40,1.62,12.85,272.13,82,0.524,0.0,0,0.265,Electronics,7.81
CUST10334,33,Male,Central,40650.83,38,2.14,14.97,437.87,41,0.628,0.061,0,0.41,Apparel,7.96
CUST10335,40,Male,North,29278.17,14,0.93,12.0,140.08,41,0.437,0.048,0,0.689,Beauty,9.29
CUST10336,46,Non-binary,East,50249.97,1,4.6,34.64,2021.57,37,0.456,0.001,0,0.44,Groceries,6.32
CUST10337,42,Male,North,70951.13,35,1.84,161.25,4057.51,49,0.014,0.0,0,0.335,Apparel,6.63
CUST10338,18,Female,South,37184.5,28,9.77,43.01,5284.02,12,0.77,0.121,0,0.72,Groceries,7.03
CUST10339,35,Male,West,30573.08,53,0.77,34.61,343.31,61,0.413,0.092,0,0.552,Apparel,6.46
CUST10340,21,Female,West,29413.51,42,5.17,28.11,1507.41,13,0.927,0.053,0,0.878,Electronics,8.71
CUST10341,27,Male,Central,29313.18,28,6.77,58.52,4110.19,2,0.854,0.028,0,0.762,Apparel,6.66
CUST10342,39,Male,North,29863.48,28,2.95,13.44,531.92,51,0.32,0.015,0,0.148,Apparel,6.63
CUST10343,23,Female,East,47278.61,63,7.22,49.35,4726.14,9,0.961,0.11,0,0.528,Apparel,5.84
CUST10344,46,Male,East,70123.68,25,7.79,169.46,17879.98,2,0.044,0.053,0,0.409,Apparel,7.65
CUST10345,37,Female,Central,92246.98,9,2.81,150.05,4327.75,27,0.076,0.1,1,0.555,Electronics,8.65
CUST10346,47,Male,North,58329.86,19,2.03,307.09,8575.5,88,0.445,0.06,0,0.5,Apparel,6.22
CUST10347,42,Female,North,31163.33,48,3.1,8.71,352.92,37,0.351,0.094,1,0.594,Apparel,7.48
CUST10348,34,Female,North,94527.31,49,7.44,166.14,13189.11,8,0.688,0.095,0,0.506,Electronics,6.58
CUST10349,47,Female,South,68379.36,31,1.39,119.3,2008.47,19,0.195,0.038,0,0.603,Home & Kitchen,7.25
CUST10350,28,Male,North,40878.11,59,3.11,55.3,2325.06,15,0.817,0.029,0,0.557,Sports & Outdoors,5.75
CUST10351,40,Female,East,51172.69,6,6.45,69.23,5765.75,15,0.524,0.056,0,0.653,Groceries,10.0
CUST10352,53,Female,Central,82287.17,32,1.23,232.01,3692.32,52,0.38,0.075,0,0.727,Groceries,6.07
CUST10353,31,Male,West,35257.24,58,2.57,25.91,779.24,6,0.29,0.088,0,0.548,Electronics,8.45
CUST10354,37,Female,South,30385.04,19,1.99,24.37,563.12,34,0.519,0.163,0,0.432,Home & Kitchen,4.63
CUST10355,50,Male,North,32175.61,38,2.63,334.2,10663.05,113,0.0,0.037,1,0.278,Electronics,8.5
CUST10356,29,Male,North,23035.77,31,3.76,15.01,605.0,19,0.325,0.0,0,0.654,Sports & Outdoors,8.13
CUST10357,23,Female,South,41843.58,70,7.0,45.65,3651.94,16,0.808,0.134,0,0.633,Apparel,6.69
CUST10358,52,Non-binary,Central,63260.29,52,8.09,42.03,4607.18,18,0.359,0.049,0,0.189,Sports & Outdoors,6.61
CUST10359,18,Female,West,34670.81,5,7.13,29.49,2876.72,9,0.609,0.005,0,0.474,Groceries,7.03
CUST10360,40,Male,East,97614.39,35,12.26,143.86,21462.97,8,0.675,0.055,1,0.667,Groceries,9.97
CUST10361,66,Female,Central,47660.44,20,1.66,147.46,3198.09,92,0.2,0.103,1,0.365,Apparel,8.31
CUST10362,24,Female,North,41110.6,3,5.29,33.69,1950.6,9,0.9,0.143,0,0.692,Apparel,8.54
CUST10363,24,Female,Central,27576.07,35,5.06,60.5,3865.78,3,0.829,0.014,0,0.85,Electronics,8.4
CUST10364,42,Male,South,48506.35,51,4.88,65.71,3828.13,20,0.773,0.067,1,0.937,Electronics,7.52
CUST10365,26,Male,South,98230.21,6,4.72,117.01,6998.14,4,0.448,0.024,0,0.664,Groceries,7.44
CUST10366,32,Female,West,52202.85,35,6.92,52.97,4068.16,3,0.544,0.093,1,0.564,Apparel,9.84
CUST10367,27,Female,Central,90994.67,34,3.8,66.24,2845.92,23,0.373,0.0,0,0.35,Electronics,8.4
CUST10368,38,Male,North,25503.29,12,2.68,11.08,322.25,79,0.38,0.095,0,0.471,Home & Kitchen,7.64
CUST10369,28,Female,East,29680.75,52,1.86,19.25,438.11,52,0.213,0.011,0,0.241,Home & Kitchen,7.85
CUST10370,33,Female,North,44227.15,49,2.22,14.79,434.48,51,0.512,0.068,0,0.292,Apparel,8.52
CUST10371,47,Female,Central,36224.45,12,2.28,18.12,552.03,37,0.382,0.102,0,0.28,Apparel,7.82
CUST10372,39,Female,South,25405.73,1,3.75,18.97,881.41,57,0.362,0.017,0,0.586,Apparel,7.93
CUST10373,41,Female,Central,84228.04,43,2.44,286.29,8183.79,95,0.383,0.036,0,0.581,Electronics,6.93
CUST10374,29,Female,Central,38995.5,17,0.83,9.03,99.23,47,0.354,0.1,0,0.388,Beauty,7.92
CUST10375,31,Female,South,91095.53,16,17.1,171.33,37485.01,11,0.709,0.076,1,0.496,Home & Kitchen,7.32
CUST10376,31,Male,West,38396.1,47,7.5,66.22,6324.38,15,0.708,0.119,1,0.316,Groceries,6.98
CUST10377,37,Female,East,29636.08,45,3.04,19.84,684.16,25,0.428,0.069,0,0.499,Apparel,5.89
CUST10378,43,Female,Central,51630.98,18,4.37,92.14,5167.83,26,0.444,0.074,1,0.277,Electronics,9.55
CUST10379,44,Female,North,124860.93,20,4.91,173.88,8783.45,7,0.492,0.068,1,0.342,Apparel,5.51
CUST10380,22,Male,North,32416.02,47,3.36,7.83,313.77,61,0.473,0.121,0,0.458,Groceries,6.64
CUST10381,48,Female,North,68492.29,20,2.33,240.8,7699.59,118,0.18,0.012,0,0.466,Home & Kitchen,7.49
CUST10382,75,Male,North,77052.17,9,1.16,207.64,3195.53,97,0.374,0.005,1,0.361,Beauty,8.63
CUST10383,48,Female,West,53672.65,31,4.13,78.71,4126.47,18,0.544,0.035,0,0.41,Electronics,7.38
CUST10384,57,Male,West,43578.1,8,1.24,235.97,3111.78,59,0.274,0.043,0,0.635,Home & Kitchen,6.61
CUST10385,36,Female,South,59508.25,40,5.59,63.63,3834.73,33,0.913,0.141,0,0.615,Sports & Outdoors,6.68
CUST10386,50,Female,Central,81918.65,26,11.6,95.72,12315.75,10,0.375,0.008,0,0.495,Groceries,7.06
CUST10387,46,Female,East,27331.43,35,3.67,26.99,1190.55,28,0.132,0.033,0,0.219,Apparel,6.03
CUST10388,66,Female,Central,78533.11,5,2.31,203.7,5291.86,32,0.383,0.105,0,0.415,Beauty,8.6
CUST10389,34,Female,North,40670.51,17,6.18,85.57,5595.79,19,0.408,0.043,0,0.356,Electronics,8.14
CUST10390,34,Male,West,78814.45,19,1.71,58.63,1251.97,46,0.687,0.07,0,0.774,Home & Kitchen,7.7
CUST10391,23,Male,East,41945.71,36,4.23,46.99,2141.59,8,0.718,0.047,0,0.754,Apparel,8.41
CUST10392,37,Male,South,93170.55,11,12.29,134.93,16994.78,13,0.627,0.059,1,0.635,Apparel,8.63
CUST10393,27,Female,South,90115.55,30,2.36,230.22,6323.19,26,0.145,0.047,0,0.301,Sports & Outdoors,5.82
CUST10394,67,Female,North,128614.32,28,6.09,195.37,14501.99,6,0.576,0.027,0,0.401,Apparel,5.85
CUST10395,50,Female,East,55168.25,1,3.9,18.08,943.49,30,0.619,0.057,0,0.377,Groceries,6.28
CUST10396,27,Female,West,44764.48,47,5.25,88.86,6054.21,19,0.745,0.14,1,0.851,Electronics,7.09
CUST10397,19,Female,Central,27807.04,34,4.38,49.12,2443.95,5,0.874,0.036,0,0.553,Electronics,6.76
CUST10398,45,Male,South,34920.58,55,2.77,129.29,4859.33,44,0.2,0.099,0,0.27,Groceries,7.37
CUST10399,59,Female,Central,56382.13,26,0.72,243.63,1792.34,101,0.491,0.043,1,0.411,Apparel,8.68
CUST10400,26,Female,South,35845.76,42,3.17,11.87,444.68,38,0.132,0.093,0,0.407,Apparel,8.41
CUST10401,42,Male,South,55693.68,13,2.71,83.15,2576.56,37,0.344,0.114,0,0.372,Electronics,6.11
CUST10402,23,Male,West,38258.98,49,5.63,63.18,4234.12,2,0.911,0.096,0,0.717,Home & Kitchen,7.09
CUST10403,27,Female,North,77582.66,36,3.45,82.44,3772.77,6,0.713,0.074,0,0.635,Home & Kitchen,6.56
CUST10404,40,Male,East,127536.63,1,9.75,119.83,12901.88,12,0.675,0.008,1,0.816,Apparel,8.96
CUST10405,33,Female,West,60639.17,8,3.82,63.43,2956.99,20,0.526,0.013,0,0.572,Sports & Outdoors,7.53
CUST10406,42,Non-binary,North,91618.53,36,11.8,184.6,26387.22,7,0.77,0.063,0,0.84,Groceries,5.58
CUST10407,23,Female,Central,34632.01,12,4.2,17.78,837.5,44,0.585,0.146,0,0.375,Home & Kitchen,6.43
CUST10408,37,Female,South,53861.11,10,4.1,60.94,3262.75,57,0.621,0.192,1,0.627,Beauty,5.58
CUST10409,19,Female,East,22832.25,48,2.56,14.86,437.85,32,0.402,0.025,0,0.264,Groceries,8.14
CUST10410,50,Male,South,79509.74,1,5.46,81.61,5125.3,6,0.347,0.042,1,0.31,Electronics,10.0
CUST10411,32,Female,Central,47750.67,4,5.37,74.68,4573.36,20,0.608,0.066,1,0.376,Apparel,8.24
CUST10412,43,Female,West,38181.2,19,5.35,67.49,3762.26,43,0.33,0.041,1,0.35,Groceries,7.46
CUST10413,20,Female,North,50360.65,11,6.64,35.05,2859.05,8,0.783,0.036,0,0.469,Electronics,9.19
CUST10414,41,Male,West,63086.35,23,0.68,187.64,1604.77,110,0.059,0.145,0,0.276,Apparel,7.19
CUST10415,18,Female,East,54079.37,40,5.17,54.05,2871.16,12,0.871,0.025,0,0.757,Beauty,5.53
CUST10416,46,Male,West,82333.21,23,13.23,145.05,21893.74,1,0.618,0.056,0,0.43,Beauty,8.3
CUST10417,47,Female,South,106987.81,30,8.69,172.59,19815.24,15,0.486,0.015,0,0.455,Apparel,7.62
CUST10418,60,Male,East,52784.38,1,1.43,180.49,2883.59,47,0.0,0.12,1,0.067,Apparel,9.52
CUST10419,56,Female,West,37515.19,46,1.15,250.93,3053.19,111,0.403,0.066,1,0.267,Home & Kitchen,7.56
CUST10420,49,Female,North,78608.47,27,2.83,198.39,7690.56,81,0.443,0.0,0,0.754,Groceries,6.94
CUST10421,69,Male,East,67057.2,22,1.48,270.89,4093.65,72,0.397,0.111,0,0.566,Sports & Outdoors,8.76
CUST10422,32,Male,West,24933.43,20,3.97,14.27,695.01,8,0.549,0.03,0,0.271,Beauty,7.48
CUST10423,28,Male,Central,47221.5,45,5.48,17.38,1096.8,1,0.952,0.029,0,0.612,Apparel,7.62
CUST10424,34,Female,West,22265.21,57,1.59,5.22,88.99,23,0.329,0.081,0,0.275,Electronics,6.36
CUST10425,27,Male,North,28370.67,46,0.59,43.58,269.12,7,0.745,0.12,0,0.533,Apparel,6.36
CUST10426,28,Female,Central,39806.29,20,6.51,39.83,3529.59,6,0.884,0.151,1,0.375,Sports & Outdoors,9.39
CUST10427,35,Male,Central,59846.91,21,3.97,41.4,1778.78,2,0.528,0.0,0,0.383,Beauty,7.8
CUST10428,54,Female,West,108984.86,24,9.08,108.6,11716.44,4,0.44,0.073,0,0.434,Electronics,7.45
CUST10429,51,Female,West,38362.03,24,2.71,21.32,792.06,65,0.451,0.018,0,0.417,Groceries,8.65
CUST10430,33,Male,Central,36797.67,51,2.34,25.11,603.35,21,0.312,0.0,0,0.496,Beauty,8.78
CUST10431,32,Male,West,42506.95,48,1.0,225.1,2409.23,58,0.124,0.087,0,0.082,Groceries,8.42
CUST10432,48,Female,West,73606.73,44,1.81,219.47,4662.3,34,0.112,0.0,0,0.488,Apparel,8.28
CUST10433,33,Female,East,37518.49,41,1.79,8.96,167.31,14,0.231,0.039,0,0.296,Electronics,6.15
CUST10434,28,Male,South,30098.86,15,2.87,15.08,556.41,48,0.563,0.038,0,0.282,Electronics,5.34
CUST10435,49,Male,Central,68502.87,45,0.25,139.91,405.63,42,0.373,0.076,0,0.592,Electronics,7.28
CUST10436,23,Female,Central,27146.59,37,1.33,5.0,87.43,52,0.311,0.062,0,0.394,Groceries,8.12
CUST10437,49,Female,West,32547.7,1,4.24,123.67,6576.33,30,0.469,0.141,0,0.441,Electronics,7.76
CUST10438,32,Female,West,70677.94,65,0.42,121.13,655.87,74,0.168,0.152,1,0.463,Sports & Outdoors,6.83
CUST10439,29,Female,Central,32302.72,44,2.5,10.25,353.51,23,0.394,0.05,0,0.38,Beauty,8.47
CUST10440,38,Male,West,46460.72,41,1.38,5.0,88.89,69,0.129,0.119,0,0.399,Apparel,8.15
CUST10441,46,Male,West,42504.44,42,5.73,66.78,4588.8,26,0.681,0.078,1,0.387,Apparel,8.62
CUST10442,60,Female,West,115212.06,30,10.57,99.97,14498.39,2,0.5,0.13,1,0.033,Electronics,6.37
CUST10443,40,Male,South,80970.03,27,10.93,109.19,16177.46,8,0.479,0.14,0,0.329,Groceries,7.83
CUST10444,33,Male,East,42114.76,18,3.8,98.07,4138.58,18,0.549,0.098,0,0.505,Sports & Outdoors,5.19
CUST10445,19,Female,South,68393.27,10,3.61,90.94,3931.89,37,0.307,0.188,0,0.431,Groceries,6.18
CUST10446,33,Female,West,72141.64,58,3.16,65.06,2285.24,12,0.503,0.053,1,0.408,Groceries,9.22
CUST10447,62,Female,Central,92463.52,22,0.76,262.15,2200.86,79,0.211,0.0,0,0.251,Apparel,8.0
CUST10448,30,Male,West,82967.81,78,6.5,78.6,6908.7,8,0.911,0.065,1,0.741,Apparel,8.08
CUST10449,35,Male,South,32740.83,26,1.75,29.66,551.48,35,0.345,0.158,0,0.421,Beauty,6.19
CUST10450,55,Male,East,76220.32,63,2.19,258.26,7061.67,61,0.324,0.037,0,0.357,Sports & Outdoors,7.17
CUST10451,22,Female,West,31954.51,29,3.49,36.67,1679.79,1,1.0,0.057,0,0.742,Apparel,8.62
CUST10452,19,Male,Central,34603.54,1,5.07,57.06,3115.27,12,1.0,0.076,0,0.596,Home & Kitchen,7.15
CUST10453,45,Female,North,75854.11,26,5.07,75.86,4712.64,51,0.091,0.123,1,0.343,Groceries,7.12
CUST10454,30,Male,North,37931.23,21,2.31,12.43,375.73,34,0.397,0.041,1,0.265,Groceries,9.6
CUST10455,27,Male,West,34274.95,30,6.92,22.16,1752.2,18,0.794,0.055,0,0.684,Beauty,7.81
CUST10456,38,Female,North,25140.32,5,2.89,18.79,636.05,58,0.44,0.067,0,0.577,Apparel,9.22
CUST10457,18,Male,North,43506.08,53,7.75,65.13,6154.67,21,0.773,0.13,1,0.392,Sports & Outdoors,9.39
CUST10458,50,Male,North,28308.62,48,3.11,29.25,943.91,29,0.386,0.0,1,0.54,Groceries,6.69
CUST10459,24,Male,East,30029.98,41,2.82,15.22,451.16,43,0.466,0.072,0,0.651,Apparel,9.28
CUST10460,33,Female,North,38524.72,1,2.68,6.41,218.77,66,0.048,0.014,0,0.289,Beauty,8.95
CUST10461,61,Male,North,89256.42,85,0.51,106.97,646.44,128,0.114,0.0,0,0.303,Electronics,8.06
CUST10462,56,Female,South,65485.12,40,1.09,272.87,3823.11,93,0.267,0.098,1,0.297,Sports & Outdoors,8.67
CUST10463,24,Female,Central,22355.1,19,6.61,33.76,3026.03,16,0.929,0.062,0,0.697,Groceries,8.11
CUST10464,35,Female,South,44695.94,32,2.95,105.8,4170.29,24,0.383,0.155,1,0.593,Groceries,5.27
CUST10465,39,Male,South,75252.74,18,8.28,41.48,3553.23,12,0.342,0.096,0,0.097,Beauty,8.77
CUST10466,31,Male,East,60323.55,64,9.79,159.85,19789.82,16,0.704,0.078,1,0.711,Home & Kitchen,8.24
CUST10467,25,Female,East,72001.35,1,6.76,71.54,5881.2,3,0.337,0.0,1,0.233,Home & Kitchen,7.99
CUST10468,33,Female,West,106055.57,26,6.24,112.94,7738.11,3,0.578,0.085,1,0.515,Apparel,5.63
CUST10469,44,Male,East,50563.93,27,3.39,58.42,2326.26,33,0.406,0.061,1,0.472,Beauty,6.93
CUST10470,28,Female,East,25692.86,39,5.02,9.62,586.66,43,0.533,0.036,1,0.064,Groceries,8.09
CUST10471,27,Female,Central,51765.29,55,5.07,73.7,3814.87,8,0.403,0.073,0,0.171,Home & Kitchen,
CUST10472,38,Male,West,45213.02,94,0.95,13.22,148.95,41,0.544,0.072,0,0.347,Electronics,8.15
CUST10473,37,Female,West,45525.71,28,3.09,92.5,3852.33,38,0.661,0.155,1,0.29,Apparel,7.26
CUST10474,26,Male,Central,41360.9,44,7.24,36.39,3101.0,6,0.977,0.023,0,0.675,Groceries,6.64
CUST10475,33,Female,South,47439.96,13,4.79,34.96,1883.64,11,0.731,0.122,1,0.615,Groceries,7.49
CUST10476,37,Male,West,38068.91,29,1.8,31.98,707.66,69,0.429,0.085,0,0.598,Electronics,9.0
CUST10477,22,Male,North,33824.47,22,8.42,44.74,4835.76,25,0.853,0.03,1,0.362,Apparel,6.93
CUST10478,39,Male,South,63266.47,41,6.44,69.34,5360.02,23,0.571,0.0,0,0.353,Sports & Outdoors,7.42
CUST10479,28,Male,North,33002.48,6,8.08,56.46,5689.78,25,0.803,0.035,0,0.482,Beauty,5.1
CUST10480,22,Male,East,59706.61,2,2.22,123.06,3345.19,64,0.365,0.0,0,0.326,Beauty,8.55
CUST10481,52,Male,South,64950.25,18,1.95,328.05,7680.81,66,0.431,0.016,0,0.514,Beauty,8.17
CUST10482,23,Male,Central,36343.22,1,4.46,69.98,3781.01,8,0.92,0.119,0,0.542,Home & Kitchen,7.62
CUST10483,69,Female,North,76952.84,10,1.97,164.81,3934.62,103,0.133,0.066,0,0.396,Electronics,6.88
CUST10484,18,Male,Central,33556.45,50,3.19,47.44,1603.32,2,0.853,0.099,0,0.58,Apparel,6.37
CUST10485,24,Female,South,69135.49,54,3.61,71.63,3573.08,29,0.472,0.0,1,0.702,Electronics,8.81
CUST10486,31,Non-binary,South,33056.63,21,3.76,30.23,1304.29,50,0.381,0.0,1,0.561,Apparel,8.62
CUST10487,44,Female,South,126145.79,25,3.39,146.84,6714.96,17,0.479,0.075,0,0.36,Electronics,6.9
CUST10488,58,Male,West,55538.32,63,5.86,51.69,3320.81,29,0.446,0.14,1,0.776,Electronics,6.75
CUST10489,43,Male,East,55635.96,20,4.62,61.03,3124.57,19,0.381,0.09,0,0.28,Apparel,6.38
CUST10490,20,Female,Central,25529.77,21,6.8,44.55,3336.97,8,0.744,0.032,1,0.768,Beauty,9.1
CUST10491,43,Male,South,51863.95,40,1.5,82.79,1316.7,52,0.203,0.058,0,0.48,Beauty,8.94
CUST10492,45,Female,North,62845.61,43,9.87,149.08,18759.89,9,0.784,0.0,1,0.712,Home & Kitchen,7.75
CUST10493,32,Female,Central,28849.05,9,3.75,12.4,496.66,30,0.216,0.068,0,0.288,Apparel,
CUST10494,19,Male,South,38268.17,1,4.72,67.26,3514.2,6,0.71,0.058,0,0.691,Groceries,8.13
CUST10495,45,Female,North,94409.07,38,3.01,111.6,3781.82,10,0.54,0.099,1,0.441,Apparel,8.63
CUST10496,21,Female,North,50904.51,18,7.9,19.6,1950.47,3,0.814,0.076,0,0.537,Electronics,6.86
CUST10497,28,Male,South,33640.2,49,1.25,18.17,309.33,68,0.305,0.215,0,0.463,Apparel,7.13
CUST10498,36,Female,West,57748.33,58,5.79,65.18,4385.3,39,0.248,0.0,0,0.672,Beauty,7.69
CUST10499,43,Male,East,56077.48,33,4.52,56.16,2999.22,26,0.19,0.125,1,0.226,Groceries,5.81
CUST10500,63,Female,West,62998.09,54,2.86,81.85,3049.97,97,0.124,0.067,0,0.471,Apparel,8.07
CUST10501,18,Male,Central,31859.2,28,3.34,48.51,1942.82,8,0.913,0.0,0,0.458,Beauty,6.86
CUST10502,60,Female,East,96828.54,11,7.22,122.33,10467.07,11,0.158,0.071,1,0.276,Groceries,8.84
CUST10503,27,Female,North,63873.82,29,5.82,81.73,6166.46,22,0.582,0.011,1,0.339,Sports & Outdoors,6.99
CUST10504,60,Female,West,87039.62,53,1.23,289.1,3960.19,50,0.385,0.055,1,0.47,Home & Kitchen,10.0
CUST10505,47,Male,South,23411.87,57,1.21,8.3,106.11,52,0.375,0.072,0,0.352,Apparel,7.29
CUST10506,37,Female,South,49381.64,23,5.41,77.2,5422.51,22,0.573,0.033,0,0.187,Home & Kitchen,7.01
CUST10507,35,Non-binary,East,55443.0,1,5.57,47.91,3345.55,33,0.444,0.061,0,0.422,Sports & Outdoors,8.67
CUST10508,61,Female,North,37759.38,24,5.4,91.0,6305.28,35,0.469,0.082,0,0.597,Electronics,6.03
CUST10509,52,Non-binary,North,57097.72,1,1.84,264.98,5255.12,96,0.325,0.049,0,0.533,Beauty,4.92
CUST10510,33,Male,Central,85922.43,20,1.31,248.46,3893.71,93,0.5,0.023,0,0.559,Home & Kitchen,8.47
CUST10511,26,Male,South,29591.82,18,3.18,32.57,1427.1,13,0.72,0.03,0,0.633,Sports & Outdoors,8.2
CUST10512,37,Female,East,52790.68,41,4.75,49.31,2469.78,22,0.612,0.046,0,0.589,Electronics,7.27
CUST10513,35,Non-binary,South,60725.13,37,4.0,70.63,3536.93,51,0.554,0.0,0,0.359,Home & Kitchen,8.76
CUST10514,33,Female,West,26105.07,15,3.28,20.22,742.0,19,0.495,0.001,0,0.537,Beauty,4.09
CUST10515,31,Female,South,40350.84,39,3.65,12.37,461.08,56,0.44,0.08,0,0.527,Electronics,9.06
CUST10516,31,Female,North,90702.45,51,12.21,138.0,19085.95,8,0.645,0.0,0,0.519,Apparel,8.77
CUST10517,43,Male,East,56117.3,20,5.68,69.4,4378.07,22,0.534,0.147,0,0.348,Sports & Outdoors,7.74
CUST10518,49,Female,West,61867.09,30,5.08,75.4,3925.99,28,0.524,0.0,1,0.402,Apparel,7.71
CUST10519,36,Male,East,36605.54,39,2.8,22.45,663.7,60,0.305,0.0,0,0.334,Home & Kitchen,6.9
CUST10520,22,Male,East,30213.98,9,6.11,42.29,2951.97,9,1.0,0.062,1,0.86,Electronics,8.15
CUST10521,49,Non-binary,South,78054.74,4,11.8,168.2,27272.62,12,0.552,0.109,1,0.425,Electronics,6.01
CUST10522,46,Female,North,62719.29,35,4.14,69.14,3243.0,17,0.525,0.021,1,0.52,Sports & Outdoors,7.92
CUST10523,28,Male,East,45840.38,28,7.55,82.74,7136.68,1,0.453,0.0,1,0.6,Home & Kitchen,9.73
CUST10524,25,Female,North,61926.72,33,6.04,84.56,5236.08,37,0.707,0.049,0,0.307,Electronics,6.99
CUST10525,25,Female,South,30483.88,26,9.31,76.17,8824.28,11,0.8,0.096,0,0.555,Groceries,9.01
CUST10526,23,Male,North,26145.24,12,0.2,17.43,37.2,1,0.877,0.0,0,0.632,Apparel,8.03
CUST10527,26,Male,East,77887.57,1,1.15,135.21,1694.59,2,0.562,0.064,1,0.406,Beauty,9.61
CUST10528,42,Male,Central,17902.25,6,2.96,16.23,494.1,26,0.286,0.044,0,0.298,Home & Kitchen,7.67
CUST10529,31,Female,South,61322.99,13,4.66,41.55,2119.85,18,0.366,0.036,0,0.443,Apparel,7.46
CUST10530,38,Female,West,74131.45,38,5.17,54.86,3781.51,12,0.352,0.043,0,0.71,Beauty,6.99
CUST10531,19,Female,North,56540.32,17,4.39,90.45,5241.72,29,0.7,0.117,1,0.291,Home & Kitchen,
CUST10532,43,Female,West,53526.4,34,4.54,66.86,3839.92,37,0.501,0.031,0,0.445,Apparel,6.7
CUST10533,29,Male,North,42766.79,32,5.95,72.25,5620.22,12,0.798,0.033,0,0.538,Groceries,7.51
CUST10534,47,Male,East,53942.73,26,1.97,161.52,4361.36,77,0.076,0.161,0,0.259,Groceries,6.86
CUST10535,31,Female,Central,52914.91,22,3.15,102.76,4404.35,31,0.462,0.0,1,0.317,Groceries,8.13
CUST10536,33,Female,South,40180.11,15,4.43,41.54,2338.36,29,0.602,0.068,1,0.377,Apparel,8.74
CUST10537,33,Female,East,98660.37,30,10.39,149.82,18606.27,5,0.0,0.099,0,0.2,Groceries,7.59
CUST10538,30,Non-binary,North,48907.55,2,4.84,51.83,2962.98,16,0.999,0.007,0,0.76,Electronics,6.81
CUST10539,31,Female,North,30698.56,1,4.25,25.23,1101.73,53,0.488,0.019,0,0.381,Home & Kitchen,6.47
CUST10540,36,Female,North,68731.24,3,3.2,40.0,1604.0,47,0.328,0.141,1,0.439,Electronics,9.12
CUST10541,57,Male,West,77623.12,56,1.25,151.3,2055.21,59,0.286,0.0,0,0.138,Groceries,8.66
CUST10542,51,Female,East,103367.84,8,5.32,108.68,6195.57,14,0.721,0.0,0,0.543,Apparel,8.26
CUST10543,57,Female,East,46617.27,17,2.24,188.37,5198.2,38,0.101,0.038,1,0.147,Electronics,5.05
CUST10544,36,Female,West,39648.4,36,2.62,177.19,4954.72,153,0.38,0.08,0,0.151,Electronics,6.6
CUST10545,53,Female,South,110301.55,32,7.69,86.79,7147.2,8,0.401,0.127,1,0.486,Beauty,9.17
CUST10546,53,Female,North,36688.98,44,1.64,24.81,518.19,38,0.556,0.0,0,0.49,Apparel,6.27
CUST10547,75,Male,Central,66253.93,44,2.97,228.43,7967.15,84,0.527,0.079,0,0.527,Electronics,9.03
CUST10548,24,Male,North,33060.63,31,5.39,60.97,4318.74,19,0.785,0.085,0,0.369,Beauty,5.84
CUST10549,40,Male,North,60606.23,31,0.39,130.56,542.53,129,0.496,0.143,0,0.425,Electronics,6.78
CUST10550,18,Female,West,46170.63,19,3.82,32.52,1389.72,7,0.644,0.027,0,0.632,Apparel,7.9
CUST10551,37,Male,East,57601.72,31,6.32,115.6,7820.79,18,0.467,0.065,0,0.25,Apparel,9.41
CUST10552,19,Female,Central,33154.03,27,5.22,47.37,2813.22,1,0.881,0.08,0,0.638,Electronics,7.16
CUST10553,22,Female,West,42379.32,29,6.3,55.42,3571.44,8,0.977,0.098,1,0.536,Apparel,7.78
CUST10554,61,Female,South,66894.18,28,3.42,82.9,3666.43,8,0.294,0.088,0,0.463,Groceries,5.3
CUST10555,24,Female,South,48484.92,66,7.25,42.46,3661.73,22,0.614,0.0,1,0.462,Beauty,9.21
CUST10556,40,Female,North,25896.73,8,1.86,14.3,298.69,53,0.399,0.082,0,0.355,Apparel,9.25
CUST10557,30,Female,East,37071.33,19,2.17,15.31,354.5,49,0.377,0.08,1,0.386,Groceries,7.05
CUST10558,40,Female,North,72985.58,10,0.57,237.23,1630.34,48,0.156,0.097,0,0.217,Apparel,9.12
CUST10559,33,Female,Central,88677.35,41,2.11,245.94,6188.08,27,0.444,0.026,0,0.363,Groceries,6.91
CUST10560,45,Female,Central,73795.02,12,0.6,216.68,1677.6,46,0.425,0.11,1,0.426,Electronics,5.48
CUST10561,47,Female,Central,27601.98,25,3.18,14.2,558.52,68,0.618,0.0,0,0.397,Apparel,9.63
CUST10562,40,Female,West,35956.05,50,3.35,18.03,690.21,65,0.494,0.029,0,0.425,Apparel,7.2
CUST10563,31,Male,West,33271.28,38,3.51,15.33,673.54,27,0.134,0.129,0,0.436,Groceries,9.15
CUST10564,36,Male,Central,101995.85,1,6.75,132.63,9725.88,10,0.762,0.065,1,0.74,Electronics,8.08
CUST10565,29,Male,East,34176.86,50,11.41,63.42,7654.74,21,0.969,0.059,0,0.504,Groceries,6.95
CUST10566,50,Male,Central,97328.62,32,7.11,129.19,10593.13,3,0.553,0.142,1,0.655,Apparel,9.74
CUST10567,26,Male,South,33411.28,1,6.95,43.54,3314.53,11,0.769,0.122,0,0.638,Apparel,8.65
CUST10568,34,Female,Central,65481.17,76,3.11,76.22,3092.71,20,0.386,0.081,0,0.203,Home & Kitchen,9.36
CUST10569,41,Male,West,88600.74,42,12.33,129.9,16689.19,2,0.379,0.173,1,0.335,Sports & Outdoors,10.0
CUST10570,18,Female,North,32854.97,37,4.8,55.17,2754.53,17,0.683,0.056,0,0.496,Electronics,
CUST10571,36,Female,South,50483.64,59,2.69,141.86,4661.64,90,0.158,0.021,0,0.385,Home & Kitchen,5.07
CUST10572,38,Male,East,102762.2,11,5.49,78.6,5582.98,6,0.695,0.102,0,0.388,Beauty,5.26
CUST10573,31,Male,East,74823.72,44,1.15,242.2,3371.28,109,0.3,0.101,0,0.507,Home & Kitchen,7.39
CUST10574,39,Female,South,59708.76,34,4.97,83.99,4640.59,27,0.166,0.064,0,0.383,Sports & Outdoors,7.97
CUST10575,39,Female,West,51122.91,28,4.75,62.71,3245.46,14,0.489,0.154,1,0.326,Electronics,7.35
CUST10576,47,Female,West,35981.59,27,2.7,20.45,645.26,73,0.219,0.037,1,0.532,Sports & Outdoors,8.57
CUST10577,24,Male,South,50144.98,8,3.41,65.1,2331.84,14,0.361,0.092,1,0.451,Apparel,5.93
CUST10578,23,Female,North,36603.37,10,1.15,57.34,817.39,6,0.81,0.0,0,0.665,Home & Kitchen,7.24
CUST10579,44,Male,South,90096.32,41,4.11,129.14,6884.32,12,0.658,0.041,1,0.423,Groceries,8.23
CUST10580,24,Female,East,46576.29,37,8.26,43.44,4181.39,11,0.907,0.038,0,0.553,Beauty,7.91
CUST10581,44,Male,South,60144.76,12,3.05,31.05,1196.41,29,0.579,0.001,0,0.4,Groceries,6.44
CUST10582,22,Female,East,40487.36,26,5.56,40.75,2323.82,13,0.777,0.05,0,0.47,Groceries,7.82
CUST10583,39,Male,West,111157.8,38,12.14,181.57,25095.95,3,0.319,0.092,1,0.266,Groceries,7.69
CUST10584,54,Male,West,70373.46,61,3.29,279.7,12685.66,76,0.27,0.103,1,0.197,Beauty,8.83
CUST10585,39,Female,East,91729.95,17,6.05,156.25,11388.42,16,0.642,0.11,0,0.576,Sports & Outdoors,
CUST10586,29,Male,South,29933.18,28,3.27,14.9,660.25,39,0.331,0.029,0,0.264,Home & Kitchen,7.21
CUST10587,36,Female,East,32812.57,35,2.07,8.06,181.7,54,0.541,0.018,0,0.621,Home & Kitchen,7.55
CUST10588,55,Male,Central,32360.0,28,3.79,10.8,468.46,30,0.188,0.075,0,0.38,Apparel,8.35
CUST10589,18,Male,Central,35414.16,45,3.06,9.08,336.78,32,0.191,0.075,0,0.467,Apparel,8.68
CUST10590,39,Female,Central,22773.75,25,3.06,22.11,922.13,27,0.227,0.074,0,0.633,Beauty,6.67
CUST10591,49,Female,Central,63881.33,33,2.06,159.16,3489.36,64,0.037,0.0,1,0.377,Electronics,7.1
CUST10592,39,Female,East,31707.41,55,1.51,31.45,524.48,54,0.327,0.152,1,0.376,Home & Kitchen,7.96
CUST10593,53,Male,East,75097.3,35,8.44,160.58,17458.15,1,0.6,0.003,0,0.485,Beauty,8.92
CUST10594,35,Female,North,51995.55,32,4.11,88.24,4469.77,40,0.563,0.071,0,0.697,Apparel,6.78
CUST10595,18,Female,East,41403.78,10,5.27,37.94,2234.42,6,0.862,0.05,1,0.612,Groceries,8.63
CUST10596,57,Male,East,89370.78,27,1.01,268.36,2942.71,56,0.246,0.059,0,0.568,Apparel,7.93
CUST10597,30,Male,East,21863.49,47,3.7,16.38,639.43,40,0.697,0.027,0,0.418,Beauty,7.73
CUST10598,35,Male,Central,41648.4,22,1.46,23.29,360.13,45,0.454,0.114,0,0.434,Electronics,6.87
CUST10599,44,Female,North,31105.2,2,0.61,39.26,280.73,31,0.495,0.072,0,0.406,Groceries,7.22
CUST10600,35,Female,South,31788.93,23,2.33,12.64,308.86,56,0.308,0.086,0,0.58,Electronics,5.82
CUST10601,49,Female,West,88392.66,46,6.76,160.07,13384.89,15,0.695,0.034,1,0.817,Electronics,9.75
CUST10602,37,Female,West,22714.97,34,2.58,18.94,584.53,37,0.397,0.055,1,0.699,Sports & Outdoors,7.36
CUST10603,31,Male,South,37107.0,8,3.41,5.0,196.86,41,0.44,0.041,0,0.672,Home & Kitchen,6.49
CUST10604,46,Female,Central,34523.22,30,4.35,21.24,1139.54,66,0.301,0.106,0,0.378,Home & Kitchen,8.84
CUST10605,24,Male,West,43951.07,49,7.67,53.97,5444.51,19,1.0,0.07,1,0.559,Apparel,9.13
CUST10606,31,Male,South,27327.17,62,1.25,20.26,290.86,47,0.372,0.068,1,0.426,Apparel,8.53
CUST10607,49,Male,North,89950.85,24,11.22,187.99,28356.27,3,0.903,0.16,1,0.676,Groceries,7.06
CUST10608,19,Male,East,45813.11,40,5.27,42.76,2402.0,17,0.883,0.069,1,0.594,Groceries,8.02
CUST10609,39,Female,East,43820.12,6,1.05,272.06,3199.57,88,0.447,0.176,0,0.763,Apparel,5.4
CUST10610,37,Female,North,36807.47,48,3.11,20.91,870.3,47,0.33,0.061,1,0.478,Beauty,5.02
CUST10611,62,Female,North,40355.95,51,1.97,263.19,6758.41,31,0.111,0.087,0,0.514,Beauty,7.56
CUST10612,53,Female,West,75526.91,17,0.95,191.38,2440.77,80,0.105,0.049,1,0.204,Groceries,9.01
CUST10613,26,Female,South,39184.65,27,1.21,23.41,322.0,74,0.407,0.072,0,0.275,Apparel,7.27
CUST10614,50,Male,West,37919.65,3,4.37,66.75,3657.57,53,0.717,0.024,1,0.751,Electronics,8.06
CUST10615,62,Male,Central,52484.48,13,2.0,96.89,2186.94,32,0.385,0.094,1,0.684,Beauty,7.2
CUST10616,25,Male,North,24912.67,37,0.69,14.5,109.66,46,0.199,0.093,0,0.567,Groceries,7.26
CUST10617,36,Female,East,95584.91,52,9.64,147.74,19112.17,4,0.962,0.11,0,0.804,Sports & Outdoors,7.25
CUST10618,39,Male,Central,44369.64,47,5.05,85.24,5421.27,31,0.235,0.107,0,0.403,Home & Kitchen,8.42
CUST10619,55,Male,Central,81706.52,33,2.21,303.9,9266.92,122,0.204,0.035,0,0.208,Beauty,6.24
CUST10620,30,Female,South,29563.34,15,2.6,8.31,291.79,16,0.404,0.114,0,0.633,Groceries,6.79
CUST10621,27,Female,North,27203.68,40,2.27,19.76,558.96,41,0.57,0.079,0,0.404,Beauty,6.95
CUST10622,51,Female,South,89026.43,1,9.81,156.8,20080.39,2,0.584,0.084,0,0.416,Electronics,7.62
CUST10623,28,Male,West,46891.66,18,3.04,5.8,236.02,7,0.846,0.037,0,0.399,Groceries,7.3
CUST10624,56,Male,Central,41296.85,23,2.95,152.42,6036.04,11,0.248,0.051,0,0.628,Groceries,6.52
CUST10625,43,Female,Central,79043.2,31,10.1,164.82,18441.71,9,0.73,0.03,0,0.35,Electronics,8.8
CUST10626,23,Female,East,34389.98,23,7.55,28.96,2377.27,5,0.862,0.005,0,0.432,Home & Kitchen,7.28
CUST10627,56,Male,East,61930.42,31,0.94,156.43,1946.49,127,0.308,0.048,0,0.436,Home & Kitchen,7.5
CUST10628,33,Male,North,31578.88,63,3.38,19.18,764.97,49,0.564,0.0,0,0.587,Apparel,7.95
CUST10629,43,Male,West,115037.48,30,8.84,169.49,15856.28,4,0.463,0.053,1,0.201,Electronics,8.6
CUST10630,56,Male,South,80307.18,47,1.51,205.02,3916.25,52,0.263,0.065,0,0.598,Electronics,7.46
CUST10631,34,Male,East,59869.61,27,3.65,73.43,3288.69,20,0.555,0.025,0,0.459,Electronics,7.93
CUST10632,19,Male,South,45580.28,19,5.86,42.75,3136.3,17,0.928,0.031,0,0.8,Sports & Outdoors,8.25
CUST10633,22,Male,North,31133.53,54,8.35,25.03,2461.26,18,0.933,0.062,1,0.669,Groceries,7.92
CUST10634,26,Male,North,41991.51,44,4.5,23.39,1348.43,14,0.277,0.058,0,0.669,Electronics,6.54
CUST10635,23,Male,West,34357.74,13,8.06,74.74,6440.87,19,1.0,0.019,0,0.422,Electronics,7.97
CUST10636,23,Female,East,34090.87,26,5.66,30.52,2362.88,2,0.951,0.118,0,0.675,Apparel,7.52
CUST10637,56,Male,North,90226.35,34,8.07,164.48,14626.03,6,0.614,0.0,0,0.279,Groceries,7.94
CUST10638,39,Female,North,88955.98,38,8.21,111.88,11581.26,10,0.828,0.065,1,0.872,Electronics,7.35
CUST10639,53,Male,West,114817.2,57,10.91,135.16,19489.3,4,0.334,0.065,0,0.488,Apparel,7.15
CUST10640,42,Male,South,33908.31,27,2.83,27.53,966.16,17,0.141,0.063,0,0.296,Groceries,6.65
CUST10641,57,Female,South,90570.44,30,9.53,162.47,16765.94,12,0.542,0.085,0,0.496,Beauty,7.63
CUST10642,27,Female,West,44240.8,28,4.5,17.42,1021.82,39,0.246,0.0,0,0.282,Home & Kitchen,7.21
CUST10643,38,Male,North,85514.34,40,7.8,133.1,13437.8,8,0.469,0.175,1,0.317,Groceries,7.95
CUST10644,32,Non-binary,Central,30679.68,55,2.53,18.47,576.25,58,0.455,0.068,0,0.639,Groceries,10.0
CUST10645,34,Male,East,39547.55,8,4.02,99.57,5295.92,32,0.674,0.073,0,0.516,Beauty,7.41
CUST10646,26,Male,East,30120.99,45,6.92,24.87,2005.4,6,0.965,0.046,0,0.559,Sports & Outdoors,7.69
CUST10647,40,Female,Central,71058.58,43,2.19,201.1,4935.53,22,0.402,0.071,0,0.537,Beauty,9.07
CUST10648,46,Male,East,67653.79,60,1.17,71.8,1051.1,70,0.209,0.093,1,0.499,Apparel,8.34
CUST10649,25,Female,South,29611.76,22,3.69,25.75,1239.65,8,1.0,0.078,1,0.684,Groceries,6.46
CUST10650,33,Male,North,35683.38,23,2.11,5.0,117.44,42,0.57,0.131,0,0.47,Electronics,6.12
CUST10651,27,Male,West,33538.65,33,5.75,36.73,2201.74,1,0.764,0.076,0,0.669,Apparel,7.35
CUST10652,25,Male,North,23164.73,37,5.34,44.51,3249.23,12,0.857,0.157,1,0.468,Apparel,7.99
CUST10653,73,Female,West,102445.75,35,0.82,269.11,2785.5,34,0.277,0.0,1,0.409,Apparel,6.78
CUST10654,24,Male,South,29394.78,27,4.82,63.68,3879.5,11,0.888,0.001,0,0.912,Apparel,6.28
CUST10655,33,Female,West,27904.77,8,1.12,9.21,127.89,32,0.292,0.062,1,0.572,Electronics,8.16
CUST10656,47,Female,West,102107.87,1,6.98,123.93,9364.42,7,0.243,0.03,0,0.22,Apparel,6.43
CUST10657,42,Female,South,123587.1,1,7.44,118.92,10398.49,10,0.719,0.112,1,0.728,Apparel,7.4
CUST10658,50,Male,West,65779.68,18,1.46,131.52,2053.93,92,0.335,0.005,1,0.634,Groceries,8.28
CUST10659,26,Female,Central,28341.29,36,6.23,44.55,3152.91,14,0.862,0.044,0,0.567,Groceries,5.89
CUST10660,53,Female,Central,100093.04,16,7.84,67.53,7219.5,6,0.654,0.003,1,0.196,Apparel,
CUST10661,34,Male,South,52835.81,59,4.32,55.99,3028.86,19,0.459,0.107,0,0.27,Apparel,7.13
CUST10662,73,Male,North,72989.83,44,2.4,228.64,7389.94,117,0.315,0.003,0,0.503,Electronics,8.57
CUST10663,41,Male,East,149779.93,32,9.1,70.99,6810.31,5,0.338,0.016,1,0.37,Groceries,7.07
CUST10664,27,Female,East,27951.11,16,3.13,20.14,649.88,19,0.587,0.053,0,0.738,Home & Kitchen,4.87
CUST10665,18,Male,West,28315.77,13,2.3,25.8,800.32,62,0.384,0.012,0,0.474,Groceries,6.22
CUST10666,39,Female,Central,124262.76,41,15.18,121.73,20697.41,6,0.464,0.0,1,0.385,Groceries,7.55
CUST10667,29,Female,East,40924.28,41,3.61,22.51,1097.9,21,0.303,0.011,0,0.306,Home & Kitchen,6.45
CUST10668,20,Male,North,32206.14,43,4.06,13.78,592.4,41,0.504,0.063,0,0.442,Apparel,5.83
CUST10669,43,Male,East,87670.46,44,6.94,175.51,15702.67,11,0.718,0.014,1,0.532,Sports & Outdoors,6.19
CUST10670,28,Male,South,42767.15,43,4.04,21.62,939.66,72,0.36,0.134,0,0.152,Groceries,7.0
CUST10671,44,Male,Central,63067.05,49,3.66,69.39,2992.06,7,0.755,0.0,1,0.532,Electronics,7.18
CUST10672,36,Male,East,35396.83,49,2.76,25.41,759.3,24,0.245,0.0,0,0.139,Beauty,7.28
CUST10673,30,Male,Central,41307.18,31,7.45,12.99,1276.89,4,0.854,0.056,0,0.686,Beauty,8.13
CUST10674,21,Male,Central,28295.16,34,6.72,29.4,2461.06,26,0.719,0.138,0,0.37,Beauty,5.43
CUST10675,33,Female,South,65424.85,22,3.79,60.03,2420.19,33,0.718,0.042,0,0.75,Beauty,6.29
CUST10676,22,Male,East,26396.05,66,2.99,14.72,517.78,42,0.431,0.049,0,0.452,Electronics,6.95
CUST10677,37,Male,North,74787.54,24,15.26,123.06,19169.11,11,0.228,0.054,1,0.439,Electronics,4.57
CUST10678,44,Male,North,50519.91,9,5.0,61.76,3766.14,14,0.532,0.155,1,0.482,Home & Kitchen,7.61
CUST10679,25,Male,East,77576.29,2,4.28,49.06,2453.75,27,0.487,0.065,0,0.137,Apparel,7.72
CUST10680,40,Male,North,46856.16,17,6.48,58.07,4592.73,40,0.518,0.054,1,0.46,Home & Kitchen,8.47
CUST10681,30,Non-binary,West,99031.91,7,10.84,161.66,23894.9,4,1.0,0.006,0,0.635,Electronics,10.0
CUST10682,19,Male,West,21403.28,36,2.22,23.87,569.54,20,0.161,0.044,0,0.43,Groceries,7.01
CUST10683,55,Female,East,68827.56,30,1.8,281.8,6762.49,120,0.024,0.026,0,0.408,Home & Kitchen,7.29
CUST10684,44,Male,North,36390.99,14,4.82,75.8,4544.29,15,0.515,0.0,1,0.594,Beauty,8.08
CUST10685,20,Non-binary,South,46013.77,27,6.57,15.96,1390.23,14,0.825,0.018,0,0.451,Beauty,5.43
CUST10686,28,Male,West,60126.05,56,6.83,44.38,4149.21,4,0.887,0.157,0,0.776,Electronics,8.04
CUST10687,50,Male,Central,81168.16,22,9.12,92.69,11391.17,11,0.498,0.058,1,0.538,Beauty,7.64
CUST10688,75,Female,North,58093.1,38,2.69,240.61,8519.89,59,0.329,0.043,0,0.475,Apparel,6.87
CUST10689,42,Female,North,34403.02,39,0.2,24.56,50.16,46,0.403,0.157,1,0.339,Apparel,6.91
CUST10690,26,Male,North,90858.48,23,6.1,110.08,8176.31,4,0.814,0.146,1,0.535,Apparel,7.81
CUST10691,24,Female,West,26535.46,31,6.03,50.79,3426.44,10,0.921,0.034,1,0.491,Groceries,8.87
CUST10692,26,Female,South,31469.99,48,5.57,33.72,2553.56,1,0.855,0.064,1,0.694,Apparel,6.49
CUST10693,44,Female,South,71882.86,11,6.5,165.92,11409.58,1,0.469,0.037,0,0.417,Home & Kitchen,6.9
CUST10694,38,Female,East,35885.54,61,3.54,6.05,262.45,31,0.312,0.052,1,0.59,Sports & Outdoors,9.16
CUST10695,51,Male,South,57037.8,11,1.97,135.45,3313.89,46,0.347,0.087,0,0.288,Electronics,6.97
CUST10696,60,Female,South,108975.47,32,7.02,170.57,14776.55,1,0.406,0.003,1,0.378,Electronics,7.21
CUST10697,31,Female,North,43211.69,42,1.02,63.25,832.09,20,0.814,0.017,0,0.503,Electronics,5.21
CUST10698,29,Female,East,30819.84,12,0.64,9.74,72.93,44,0.389,0.0,0,0.381,Sports & Outdoors,6.84
CUST10699,35,Female,South,42309.62,26,6.04,64.69,5185.99,13,0.921,0.07,0,0.512,Sports & Outdoors,6.74
CUST10700,21,Female,North,32713.63,15,3.91,56.76,2945.51,16,0.683,0.005,0,0.572,Apparel,6.64
CUST10701,28,Male,East,23242.58,11,2.65,18.47,558.15,39,0.352,0.0,0,0.273,Apparel,7.87
CUST10702,35,Female,Central,82728.68,40,7.89,130.99,11748.48,6,0.531,0.023,0,0.551,Sports & Outdoors,9.4
CUST10703,36,Female,West,32162.8,32,4.44,12.45,592.48,67,0.311,0.094,0,0.322,Apparel,5.95
CUST10704,38,Male,South,32430.01,11,2.26,23.77,653.57,25,0.234,0.064,1,0.207,Sports & Outdoors,6.99
CUST10705,38,Female,West,45961.95,41,4.74,43.55,2796.14,29,0.666,0.168,0,0.209,Home & Kitchen,7.15
CUST10706,42,Female,East,91445.88,9,6.42,133.56,10823.33,16,0.461,0.108,0,0.24,Home & Kitchen,5.76
CUST10707,40,Female,North,54138.38,57,3.77,52.96,2650.74,38,0.505,0.034,1,0.208,Groceries,6.44
CUST10708,47,Male,East,117990.59,43,6.68,117.99,10460.77,15,0.318,0.056,1,0.454,Apparel,6.86
CUST10709,37,Female,South,54975.79,10,0.73,134.18,1291.91,30,0.095,0.08,0,0.505,Apparel,7.17
CUST10710,45,Female,North,76110.67,18,1.45,238.75,4142.4,86,0.0,0.072,0,0.451,Groceries,8.85
CUST10711,24,Male,West,40037.86,1,9.04,49.3,5522.16,23,0.772,0.028,0,0.88,Beauty,5.69
CUST10712,25,Male,East,36732.8,32,8.42,53.67,5441.89,4,0.915,0.044,0,0.281,Apparel,7.08
CUST10713,27,Female,South,41534.58,16,4.83,61.91,4060.31,6,0.936,0.044,0,0.219,Sports & Outdoors,7.92
CUST10714,54,Female,East,81366.05,50,12.75,115.75,17471.18,5,0.302,0.083,0,0.384,Beauty,5.23
CUST10715,33,Female,Central,43905.24,21,5.49,91.97,5954.2,35,0.873,0.09,1,0.34,Apparel,8.41
CUST10716,40,Male,North,52966.11,17,2.79,75.57,2330.85,13,0.529,0.015,1,0.446,Beauty,8.74
CUST10717,37,Male,West,50644.98,30,5.28,79.77,4345.14,27,0.564,0.0,0,0.761,Sports & Outdoors,8.26
CUST10718,37,Female,North,29917.15,51,2.05,15.56,339.3,45,0.131,0.112,0,0.314,Sports & Outdoors,6.68
CUST10719,31,Male,East,55247.03,20,0.65,194.42,1509.87,111,0.174,0.104,0,0.455,Beauty,5.9
CUST10720,35,Female,North,62384.42,60,4.94,58.49,2980.26,31,0.544,0.129,1,0.697,Apparel,8.27
CUST10721,32,Female,South,22889.51,26,2.55,22.49,783.91,74,0.38,0.0,0,0.51,Apparel,6.65
CUST10722,36,Female,East,27946.45,12,0.87,25.38,296.94,48,0.272,0.069,1,0.459,Home & Kitchen,8.18
CUST10723,68,Male,South,37092.85,21,1.57,253.92,4677.71,74,0.083,0.075,1,0.322,Apparel,7.15
CUST10724,18,Male,Central,27874.13,37,4.84,44.95,2736.16,10,0.838,0.015,0,0.503,Beauty,9.38
CUST10725,37,Male,West,45522.97,29,1.39,67.37,1182.34,18,0.335,0.0,0,0.502,Home & Kitchen,5.58
CUST10726,23,Female,North,29284.52,27,3.12,9.44,330.69,39,0.642,0.112,0,0.469,Electronics,7.37
CUST10727,55,Female,North,86702.19,30,2.02,153.5,3493.91,132,0.224,0.027,0,0.185,Groceries,3.81
CUST10728,28,Female,North,35048.07,21,1.79,19.36,470.6,42,0.382,0.043,0,0.414,Home & Kitchen,9.42
CUST10729,39,Female,Central,31942.29,32,1.38,11.27,209.09,30,0.188,0.055,1,0.182,Home & Kitchen,7.41
CUST10730,29,Female,Central,35065.42,42,1.87,11.22,228.45,49,0.335,0.104,0,0.347,Groceries,7.61
CUST10731,55,Female,East,60263.57,44,4.73,79.95,4775.07,15,0.187,0.0,0,0.229,Sports & Outdoors,6.98
CUST10732,48,Male,East,47945.33,33,1.79,190.3,4408.29,73,0.471,0.02,1,0.636,Groceries,8.28
CUST10733,20,Male,South,26923.72,48,6.65,35.36,2758.79,6,0.769,0.022,0,0.344,Apparel,8.0
CUST10734,59,Female,South,92720.1,33,8.32,105.88,9014.65,3,0.345,0.047,1,0.453,Apparel,6.41
CUST10735,34,Non-binary,North,65879.04,80,5.18,72.93,4764.58,11,0.518,0.1,1,0.338,Electronics,8.56
CUST10736,42,Male,Central,93719.11,61,10.93,158.56,18677.77,4,0.669,0.0,1,0.513,Home & Kitchen,5.81
CUST10737,28,Female,Central,44027.08,42,4.95,80.61,4726.53,37,0.591,0.0,0,0.632,Groceries,5.85
CUST10738,20,Male,West,29247.14,42,3.88,41.15,1711.4,28,0.859,0.107,0,0.318,Beauty,6.71
CUST10739,63,Female,West,103877.52,49,6.58,148.69,11794.54,11,0.432,0.079,1,0.369,Groceries,8.41
CUST10740,24,Male,West,29149.81,25,4.49,62.66,3219.92,16,0.833,0.051,0,0.368,Sports & Outdoors,9.53
CUST10741,48,Female,Central,116226.74,49,10.98,130.03,16766.58,2,0.637,0.098,0,0.421,Electronics,6.32
CUST10742,48,Male,East,73023.29,36,2.07,189.63,4106.89,59,0.288,0.029,0,0.263,Apparel,8.87
CUST10743,26,Female,South,39127.57,32,3.11,46.49,1578.9,24,0.876,0.071,0,0.528,Groceries,7.07
CUST10744,56,Female,South,115781.95,26,11.17,204.63,27870.79,6,0.518,0.057,1,0.53,Home & Kitchen,7.52
CUST10745,51,Female,East,54338.38,26,4.24,83.4,4590.88,25,0.885,0.078,1,0.612,Apparel,7.36
CUST10746,40,Male,South,151403.66,1,5.85,141.76,8695.35,19,0.39,0.0,1,0.298,Beauty,5.88
CUST10747,23,Female,Central,35158.62,35,9.23,13.32,1551.62,15,0.898,0.018,0,0.44,Home & Kitchen,6.01
CUST10748,25,Female,Central,79376.7,27,3.29,77.41,3105.54,22,0.528,0.108,0,0.323,Home & Kitchen,6.49
CUST10749,43,Male,West,52129.47,6,2.65,314.33,10915.72,64,0.134,0.073,0,0.25,Home & Kitchen,6.62
CUST10750,18,Male,Central,35201.81,28,2.45,11.54,330.24,82,0.385,0.083,0,0.366,Apparel,7.63
CUST10751,46,Female,West,41324.46,28,3.74,53.34,2163.06,1,0.428,0.021,1,0.409,Home & Kitchen,6.67
CUST10752,61,Female,South,84591.39,63,2.03,162.54,3723.32,29,0.0,0.045,0,0.325,Home & Kitchen,6.89
CUST10753,30,Female,North,100877.15,29,16.86,194.05,44295.0,4,0.576,0.083,1,0.41,Groceries,7.43
CUST10754,36,Male,Central,37600.54,43,2.14,19.07,440.99,1,0.283,0.04,0,0.535,Sports & Outdoors,8.04
CUST10755,65,Male,East,69215.78,43,2.0,213.61,4709.42,54,0.0,0.093,0,0.298,Home & Kitchen,5.91
CUST10756,59,Female,East,81860.17,38,0.95,359.89,4257.74,83,0.31,0.085,0,0.35,Electronics,8.39
CUST10757,27,Female,North,41187.68,59,1.63,63.69,1315.23,18,0.884,0.103,0,0.679,Beauty,5.04
CUST10758,38,Male,West,37309.12,21,5.1,61.17,4301.51,43,0.441,0.137,1,0.422,Groceries,8.99
CUST10759,52,Female,Central,66554.23,14,2.67,194.54,7062.13,113,0.234,0.094,1,0.325,Home & Kitchen,8.46
CUST10760,38,Male,North,37402.73,15,2.56,29.72,1037.79,78,0.389,0.022,1,0.449,Groceries,6.63
CUST10761,38,Male,South,71205.33,28,9.47,86.6,8722.47,13,0.696,0.032,1,0.497,Groceries,4.49
CUST10762,48,Female,Central,108195.84,32,9.64,185.02,18435.55,16,0.59,0.076,1,0.634,Groceries,7.29
CUST10763,32,Female,East,54280.03,1,1.25,146.52,1985.98,77,0.326,0.036,1,0.205,Apparel,7.52
CUST10764,38,Male,East,22657.25,45,2.11,17.73,486.29,55,0.71,0.019,0,0.434,Electronics,8.66
CUST10765,24,Male,Central,44080.98,39,4.41,38.12,1934.86,14,0.884,0.115,0,0.6,Home & Kitchen,6.29
CUST10766,33,Male,Central,83125.31,11,1.94,262.19,5340.11,54,0.126,0.051,0,0.573,Electronics,6.58
CUST10767,51,Male,West,68697.81,17,5.45,95.6,6033.73,25,0.594,0.075,0,0.349,Sports & Outdoors,7.39
CUST10768,57,Male,East,68601.01,24,4.15,108.21,5930.14,14,0.461,0.084,1,0.402,Home & Kitchen,7.48
CUST10769,37,Male,North,57974.01,16,2.96,61.02,1868.83,28,0.421,0.099,0,0.234,Sports & Outdoors,5.9
CUST10770,31,Male,Central,32821.67,23,3.5,35.5,1454.02,35,0.384,0.075,0,0.108,Electronics,8.51
CUST10771,33,Female,South,53991.55,15,3.91,79.43,3248.44,34,0.443,0.096,0,0.639,Home & Kitchen,6.54
CUST10772,29,Male,East,32159.62,40,3.51,17.5,794.33,56,0.322,0.069,1,0.315,Electronics,6.14
CUST10773,35,Male,North,68353.59,63,2.75,103.09,3628.25,21,0.646,0.044,1,0.55,Groceries,6.72
CUST10774,33,Male,West,76895.81,19,1.53,259.53,4639.92,103,0.0,0.017,0,0.666,Home & Kitchen,8.18
CUST10775,20,Female,North,44159.45,38,1.5,18.81,348.89,25,0.007,0.09,0,0.223,Beauty,5.93
CUST10776,32,Male,North,88706.66,9,9.13,164.38,16490.62,5,0.736,0.063,1,0.514,Apparel,7.11
CUST10777,48,Female,North,59555.62,23,2.01,276.51,6490.3,109,0.443,0.047,1,0.387,Groceries,
CUST10778,56,Female,Central,74304.65,49,2.21,285.56,7990.91,130,0.269,0.042,0,0.532,Apparel,7.49
CUST10779,46,Male,West,79776.9,7,2.39,192.98,5795.43,114,0.0,0.014,1,0.344,Electronics,8.43
CUST10780,42,Male,Central,55766.35,43,2.96,164.7,6050.74,90,0.577,0.099,0,0.591,Beauty,6.79
CUST10781,24,Male,South,24644.19,51,8.9,30.79,3010.36,22,0.841,0.117,0,0.617,Apparel,7.76
CUST10782,33,Male,South,97264.58,20,14.06,165.24,23998.59,7,0.058,0.084,1,0.241,Groceries,9.46
CUST10783,33,Male,Central,114719.22,49,10.82,143.5,21193.44,6,0.529,0.093,1,0.622,Groceries,7.31
CUST10784,28,Male,Central,29744.04,11,4.35,27.61,1336.63,16,0.158,0.139,0,0.532,Home & Kitchen,7.79
CUST10785,33,Female,South,44222.56,41,3.45,74.06,3466.82,9,0.388,0.19,0,0.488,Home & Kitchen,5.83
CUST10786,23,Female,Central,29771.47,35,8.47,25.67,2538.76,11,0.868,0.117,0,0.502,Electronics,8.02
CUST10787,29,Male,North,44612.39,19,6.12,39.04,3279.97,17,0.834,0.0,1,0.538,Home & Kitchen,9.32
CUST10788,28,Male,East,37416.16,34,6.42,59.79,4033.3,23,0.82,0.144,0,0.227,Beauty,6.24
CUST10789,24,Male,East,57256.85,38,4.4,75.74,4338.22,23,0.529,0.0,0,0.315,Apparel,7.87
CUST10790,21,Female,South,32046.04,30,1.17,30.63,410.49,3,0.23,0.042,1,0.203,Apparel,6.73
CUST10791,22,Male,West,43701.19,59,5.83,56.19,3945.88,2,0.938,0.025,0,0.648,Groceries,9.38
CUST10792,21,Male,Central,25126.13,17,7.38,49.84,4697.34,3,0.782,0.067,0,0.653,Home & Kitchen,6.95
CUST10793,59,Female,Central,93653.76,49,1.46,256.76,3872.73,44,0.28,0.105,0,0.235,Apparel,6.91
CUST10794,30,Male,West,30103.16,1,2.3,19.5,503.83,38,0.534,0.113,1,0.459,Electronics,8.51
CUST10795,34,Male,Central,74529.45,28,2.91,72.43,2205.69,24,0.482,0.054,1,0.576,Home & Kitchen,8.57
CUST10796,37,Male,West,53122.08,34,6.67,75.5,5795.5,6,0.729,0.041,0,0.776,Sports & Outdoors,7.49
CUST10797,24,Female,North,37128.51,82,3.87,43.19,1906.18,3,0.831,0.066,1,0.488,Groceries,9.06
CUST10798,75,Female,West,71109.09,15,0.6,107.33,856.56,72,0.172,0.15,0,0.389,Beauty,6.7
CUST10799,42,Female,South,58196.73,13,4.18,54.85,2837.41,20,0.719,0.0,0,0.295,Electronics,7.46
CUST10800,61,Male,North,73794.72,48,1.12,187.11,2548.08,59,0.0,0.215,0,0.223,Groceries,5.74
CUST10801,34,Female,East,35973.84,9,1.95,9.51,223.03,59,0.536,0.101,0,0.338,Electronics,7.34
CUST10802,27,Male,South,27389.35,35,5.71,43.83,2886.46,15,0.958,0.089,1,0.3,Apparel,8.26
CUST10803,67,Female,North,48435.67,49,1.93,254.11,5746.77,61,0.432,0.056,0,0.633,Beauty,8.4
CUST10804,28,Male,Central,44453.52,16,10.27,33.63,3564.6,6,0.856,0.087,0,0.72,Electronics,5.02
CUST10805,48,Male,South,96951.72,10,0.85,121.7,1137.62,50,0.251,0.127,0,0.534,Home & Kitchen,7.37
CUST10806,28,Non-binary,Central,56528.89,33,7.24,41.37,3581.04,5,0.692,0.03,1,0.528,Electronics,8.08
CUST10807,40,Male,Central,41852.51,43,4.32,57.08,3320.69,11,0.539,0.102,1,0.548,Beauty,7.1
CUST10808,20,Male,South,33196.18,41,4.15,41.73,2359.7,1,0.77,0.0,0,0.681,Home & Kitchen,8.55
CUST10809,26,Female,North,26447.27,36,3.07,23.18,943.91,78,0.245,0.028,0,0.377,Beauty,5.64
CUST10810,42,Non-binary,West,54312.67,28,3.0,90.46,3495.85,14,0.68,0.007,1,0.459,Apparel,9.15
CUST10811,30,Male,Central,65659.64,15,4.52,70.68,3396.18,10,0.351,0.062,1,0.417,Electronics,9.67
CUST10812,40,Female,North,37633.71,32,0.62,21.84,156.4,55,0.437,0.108,0,0.424,Apparel,6.87
CUST10813,43,Male,East,62206.39,20,4.6,86.01,5269.29,55,0.757,0.0,0,0.466,Groceries,6.36
CUST10814,61,Male,Central,67421.82,17,6.3,62.64,5175.83,28,0.573,0.054,0,0.322,Apparel,6.86
CUST10815,26,Female,East,49505.7,34,7.0,37.06,3079.28,23,0.966,0.121,0,0.455,Beauty,6.45
CUST10816,18,Female,North,24588.18,10,7.47,34.56,2905.75,3,0.887,0.036,0,0.361,Home & Kitchen,5.46
CUST10817,40,Male,North,50242.61,44,8.94,142.69,13306.52,2,0.875,0.007,0,0.716,Apparel,6.92
CUST10818,46,Male,North,24887.7,43,2.68,13.7,451.15,27,0.425,0.021,0,0.391,Home & Kitchen,7.86
CUST10819,32,Female,Central,78813.83,1,11.96,90.91,12417.9,1,0.472,0.015,1,0.452,Home & Kitchen,8.26
CUST10820,41,Female,Central,46487.76,84,4.53,77.21,4174.08,31,0.311,0.119,0,0.43,Groceries,7.19
CUST10821,37,Male,East,24995.0,38,2.36,30.11,936.9,47,0.301,0.098,0,0.341,Electronics,8.07
CUST10822,59,Male,South,70000.89,12,4.01,148.6,6937.13,8,0.323,0.021,0,0.171,Electronics,7.36
CUST10823,32,Female,South,107401.99,14,11.81,132.99,16304.07,8,0.288,0.043,0,0.331,Apparel,7.22
CUST10824,26,Male,North,49131.19,34,4.25,43.25,2480.3,3,0.889,0.031,0,0.326,Home & Kitchen,5.86
CUST10825,55,Male,West,52116.83,79,6.74,82.89,6032.32,27,0.486,0.046,0,0.345,Apparel,6.66
CUST10826,49,Female,West,87333.36,34,5.43,108.22,7560.66,10,0.765,0.1,0,0.431,Home & Kitchen,7.41
CUST10827,33,Male,Central,66462.92,38,8.67,212.01,24819.83,6,0.395,0.0,1,0.277,Groceries,9.64
CUST10828,45,Male,North,86986.99,38,1.08,295.3,3700.55,80,0.323,0.09,0,0.309,Groceries,6.17
CUST10829,18,Female,West,40183.8,31,4.83,58.18,3096.34,9,0.865,0.066,0,0.527,Apparel,9.04
CUST10830,53,Male,North,96630.48,39,11.0,196.92,27597.88,18,0.522,0.052,0,0.358,Apparel,6.73
CUST10831,29,Female,East,34527.36,18,2.28,40.97,1119.77,18,0.915,0.011,1,0.597,Electronics,8.82
CUST10832,41,Male,South,37429.08,1,4.46,13.85,833.27,32,0.346,0.06,0,0.548,Sports & Outdoors,7.75
CUST10833,26,Female,South,30561.48,15,2.57,16.72,483.61,75,0.472,0.076,1,0.513,Apparel,8.57
CUST10834,24,Female,North,32629.46,45,4.57,50.97,3214.64,9,1.0,0.154,0,0.266,Home & Kitchen,9.31
CUST10835,28,Male,West,35792.23,47,7.25,57.35,5560.51,1,0.809,0.074,1,0.363,Sports & Outdoors,4.86
CUST10836,44,Female,North,41620.01,50,4.07,49.13,2455.95,11,0.591,0.0,0,0.275,Apparel,8.49
CUST10837,37,Male,South,108827.49,18,6.7,169.75,12831.23,9,0.541,0.0,1,0.107,Beauty,7.76
CUST10838,21,Female,East,58076.18,1,5.68,54.56,4268.11,25,0.74,0.085,0,0.624,Electronics,6.75
CUST10839,58,Male,East,78048.27,14,2.01,198.26,4465.84,91,0.107,0.063,0,0.4,Beauty,8.24
CUST10840,30,Male,East,33239.3,37,2.43,22.25,652.36,59,0.341,0.126,1,0.248,Sports & Outdoors,8.2
CUST10841,71,Female,South,65518.64,26,0.87,179.93,1883.6,97,0.353,0.094,0,0.535,Apparel,6.22
CUST10842,48,Female,West,34148.6,4,3.49,27.44,1005.48,49,0.317,0.041,0,0.627,Sports & Outdoors,8.7
CUST10843,27,Female,North,63643.91,25,4.08,59.06,3008.65,16,0.513,0.046,0,0.212,Apparel,7.75
CUST10844,37,Female,East,33512.72,30,1.75,16.28,303.01,52,0.124,0.095,0,0.235,Groceries,9.0
CUST10845,19,Male,East,26514.04,19,3.2,42.1,1798.66,8,0.887,0.0,1,0.564,Apparel,6.73
CUST10846,26,Female,North,31028.81,57,2.76,16.27,517.9,39,0.413,0.098,0,0.472,Electronics,7.39
CUST10847,40,Male,East,58885.06,1,3.45,72.6,2622.99,13,0.342,0.08,0,0.338,Electronics,5.06
CUST10848,23,Female,North,18560.23,75,5.61,22.72,1526.15,1,0.957,0.128,0,0.499,Electronics,5.35
CUST10849,22,Male,East,37666.67,37,4.28,44.83,2009.81,12,0.873,0.0,0,0.369,Electronics,6.1
CUST10850,29,Female,North,37711.6,33,4.25,13.34,656.34,70,0.131,0.073,0,0.201,Home & Kitchen,5.71
CUST10851,64,Male,South,68013.13,26,0.68,247.73,1869.51,123,0.111,0.034,0,0.236,Electronics,6.69
CUST10852,27,Female,East,27172.06,1,2.45,21.52,543.02,44,0.328,0.103,0,0.437,Beauty,6.18
CUST10853,34,Female,North,40048.02,28,4.51,69.86,4221.85,11,0.282,0.048,1,0.322,Apparel,7.75
CUST10854,42,Female,East,37225.03,22,1.41,25.57,369.8,38,0.261,0.043,0,0.342,Apparel,7.11
CUST10855,38,Female,East,36229.21,36,5.43,10.76,651.33,46,0.247,0.129,0,0.477,Home & Kitchen,4.58
CUST10856,37,Male,Central,23178.28,11,2.1,17.42,381.47,60,0.324,0.001,0,0.336,Apparel,8.66
CUST10857,18,Male,North,40790.62,31,6.44,70.03,6120.16,1,1.0,0.084,1,0.851,Groceries,8.42
CUST10858,24,Male,Central,53832.49,58,4.76,36.32,1945.48,18,0.808,0.11,0,0.325,Groceries,6.59
CUST10859,33,Male,West,35064.6,64,1.84,19.99,474.15,71,0.312,0.062,0,0.377,Apparel,8.58
CUST10860,53,Male,South,92184.67,54,2.64,182.61,6513.49,21,0.458,0.0,1,0.664,Groceries,8.46
CUST10861,26,Male,South,42298.41,27,4.61,63.74,3722.81,11,0.831,0.057,1,0.535,Home & Kitchen,7.61
CUST10862,22,Male,West,45474.75,13,10.1,56.39,6102.94,18,0.832,0.044,0,0.541,Beauty,5.98
CUST10863,26,Female,South,23804.93,51,4.21,68.8,3630.09,1,0.836,0.055,1,0.498,Groceries,7.87
CUST10864,18,Female,Central,33285.41,39,5.63,52.58,3272.51,3,0.773,0.107,0,1.0,Groceries,8.12
CUST10865,22,Female,East,34171.51,36,3.37,59.3,2259.8,11,0.894,0.025,1,0.641,Apparel,7.83
CUST10866,33,Female,North,35226.02,65,2.68,16.49,498.32,24,0.554,0.147,0,0.197,Electronics,6.4
CUST10867,52,Male,North,37642.22,35,0.95,27.03,302.76,68,0.308,0.059,0,0.414,Groceries,6.81
CUST10868,52,Female,Central,61520.76,35,3.57,59.84,2702.67,18,0.494,0.072,1,0.405,Groceries,6.67
CUST10869,54,Male,North,58230.42,16,4.71,60.42,3898.22,33,0.606,0.096,0,0.633,Apparel,5.87
CUST10870,49,Female,South,89862.42,46,6.6,149.16,12078.61,11,0.551,0.136,1,0.18,Sports & Outdoors,6.62
CUST10871,35,Male,Central,112556.04,75,10.12,201.18,22991.65,16,0.482,0.061,1,0.106,Apparel,9.74
CUST10872,60,Male,South,43208.46,8,0.77,110.73,1103.21,50,0.452,0.002,0,0.651,Beauty,8.71
CUST10873,31,Female,West,44971.25,52,3.75,21.87,887.34,14,0.865,0.087,0,0.364,Beauty,7.39
CUST10874,41,Female,East,38529.07,34,4.3,25.0,1380.74,58,0.49,0.046,0,0.491,Electronics,7.13
CUST10875,24,Female,South,38708.09,36,1.64,27.23,527.84,39,0.408,0.024,0,0.431,Beauty,5.05
CUST10876,39,Male,West,80158.04,17,2.46,223.9,5628.49,82,0.275,0.029,0,0.581,Sports & Outdoors,8.29
CUST10877,34,Male,Central,48233.0,35,0.25,259.05,744.55,99,0.377,0.0,1,0.259,Electronics,8.2
CUST10878,32,Female,East,37713.46,31,3.05,16.51,662.43,13,0.256,0.055,1,0.571,Sports & Outdoors,6.96
CUST10879,40,Female,North,66520.62,15,9.31,118.18,12021.9,5,0.847,0.052,1,0.97,Sports & Outdoors,5.76
CUST10880,34,Female,West,92681.99,53,13.31,146.01,23955.39,1,0.616,0.0,1,0.472,Electronics,9.45
CUST10881,55,Female,South,64096.15,31,0.57,127.63,843.18,36,0.094,0.115,0,0.162,Apparel,7.5
CUST10882,36,Female,East,40744.23,53,2.92,17.47,568.4,74,0.458,0.001,0,0.465,Beauty,9.69
CUST10883,43,Male,Central,32772.85,46,3.87,15.3,803.15,41,0.535,0.18,0,0.391,Home & Kitchen,6.72
CUST10884,53,Female,Central,71616.14,50,1.67,259.94,4809.28,68,0.285,0.1,0,0.464,Apparel,6.15
CUST10885,40,Male,West,47297.22,18,3.08,22.38,706.08,29,0.323,0.085,0,0.536,Home & Kitchen,7.47
CUST10886,26,Female,South,50841.0,23,2.0,215.38,4880.45,84,0.251,0.003,1,0.092,Electronics,7.05
CUST10887,59,Female,North,92545.36,32,7.2,137.74,10367.41,8,0.729,0.098,0,0.309,Home & Kitchen,7.65
CUST10888,38,Female,South,34741.74,17,4.65,28.72,1824.88,26,0.653,0.076,0,0.278,Electronics,8.52
CUST10889,21,Male,Central,83800.2,51,5.6,74.05,5015.99,4,0.32,0.065,1,0.244,Electronics,7.88
CUST10890,45,Female,South,70726.66,21,0.82,213.06,1886.03,89,0.146,0.032,0,0.228,Home & Kitchen,8.02
CUST10891,42,Female,Central,41472.99,56,4.4,53.5,3208.16,38,0.469,0.126,0,0.487,Beauty,9.69
CUST10892,51,Female,West,68144.47,69,3.86,94.99,5059.86,36,0.671,0.115,1,0.181,Home & Kitchen,8.04
CUST10893,37,Male,West,71791.69,44,9.88,90.69,9968.7,13,0.791,0.024,1,0.703,Electronics,5.89
CUST10894,44,Male,West,41039.84,35,1.35,134.88,2425.5,116,0.19,0.043,0,0.706,Beauty,6.82
CUST10895,26,Male,North,29767.19,7,2.44,16.38,430.4,101,0.424,0.093,0,0.47,Apparel,7.86
CUST10896,54,Male,East,107454.83,17,12.42,141.94,23238.12,11,0.549,0.086,0,0.436,Home & Kitchen,6.33
CUST10897,32,Female,North,85406.87,41,3.24,90.66,3720.43,17,0.576,0.116,1,0.385,Groceries,7.93
CUST10898,22,Female,West,32429.05,4,4.01,22.4,1150.92,69,0.079,0.061,0,0.122,Sports & Outdoors,8.68
CUST10899,27,Female,East,25952.87,44,0.65,14.49,123.47,73,0.128,0.104,1,0.706,Electronics,8.93
CUST10900,21,Non-binary,Central,30661.7,18,3.05,14.27,501.59,56,0.26,0.097,0,0.196,Apparel,7.16
CUST10901,32,Male,North,42609.13,15,3.29,25.29,1083.45,5,0.226,0.117,0,0.087,Apparel,8.48
CUST10902,37,Female,North,42310.72,13,4.06,10.7,511.04,41,0.475,0.0,1,0.0,Beauty,6.66
CUST10903,28,Male,North,39387.39,33,9.99,47.31,5297.32,11,0.772,0.019,0,0.498,Home & Kitchen,6.84
CUST10904,25,Female,East,42856.89,50,7.23,43.76,4255.77,9,0.867,0.116,0,0.531,Apparel,7.19
CUST10905,33,Male,West,60597.48,32,2.63,72.4,1965.92,25,0.343,0.022,1,0.732,Electronics,9.38
CUST10906,42,Female,North,41512.86,31,5.93,54.41,3453.06,22,0.403,0.054,0,0.519,Apparel,7.39
CUST10907,42,Female,West,116662.79,46,6.61,186.04,14794.65,6,0.383,0.047,0,0.426,Electronics,6.65
CUST10908,68,Male,South,102270.93,54,8.65,110.02,12251.15,4,0.385,0.061,0,0.062,Sports & Outdoors,8.85
CUST10909,44,Male,Central,98102.99,53,10.1,153.05,19151.47,1,0.793,0.151,0,0.495,Apparel,7.41
CUST10910,29,Male,North,28223.38,1,5.81,49.83,3298.85,15,0.867,0.025,0,0.637,Electronics,8.65
CUST10911,52,Female,South,92596.54,26,7.7,113.85,9715.8,1,0.748,0.0,1,0.531,Groceries,9.28
CUST10912,57,Male,East,88138.91,36,2.07,282.3,7446.86,78,0.309,0.074,0,0.497,Home & Kitchen,6.74
CUST10913,31,Female,North,37768.56,11,3.34,77.61,3223.64,6,0.746,0.096,0,0.526,Home & Kitchen,6.03
CUST10914,25,Female,West,35946.64,11,6.56,34.13,3003.64,7,0.967,0.011,0,0.582,Home & Kitchen,6.54
CUST10915,25,Male,South,46751.28,72,5.77,49.74,3288.61,14,0.708,0.109,1,0.524,Home & Kitchen,7.4
CUST10916,48,Male,South,98326.66,34,10.17,184.43,24083.3,6,0.421,0.033,1,0.383,Electronics,5.66
CUST10917,41,Male,East,59060.85,46,2.85,91.01,3100.99,1,0.625,0.038,0,0.497,Home & Kitchen,7.79
CUST10918,41,Male,Central,77823.71,46,1.16,243.81,3039.66,68,0.197,0.0,0,0.286,Home & Kitchen,10.0
CUST10919,35,Female,Central,33833.9,22,3.2,19.86,776.06,77,0.679,0.109,0,0.611,Apparel,4.99
CUST10920,21,Male,East,58816.45,46,3.57,68.14,3065.72,26,0.583,0.118,1,0.673,Electronics,7.77
CUST10921,20,Male,West,44834.98,4,5.55,43.8,2547.64,14,0.877,0.124,0,0.628,Groceries,7.41
CUST10922,37,Female,South,52775.86,21,5.55,33.29,1887.56,13,0.627,0.022,1,0.368,Sports & Outdoors,8.8
CUST10923,37,Female,East,85711.93,27,2.3,96.69,2430.54,64,0.406,0.031,0,0.384,Apparel,7.54
CUST10924,26,Female,Central,37087.61,56,5.11,33.57,1974.18,1,0.915,0.019,0,0.618,Electronics,6.84
CUST10925,43,Female,East,42640.01,19,2.51,18.19,517.36,34,0.105,0.143,0,0.245,Apparel,9.63
CUST10926,35,Male,South,83888.44,28,6.8,97.93,7504.5,4,0.541,0.049,1,0.224,Electronics,7.01
CUST10927,30,Female,East,42474.96,1,2.32,26.03,777.11,12,0.757,0.127,0,0.436,Beauty,7.63
CUST10928,48,Female,Central,83788.69,24,1.24,157.55,2395.71,53,0.159,0.076,1,0.367,Sports & Outdoors,8.44
CUST10929,54,Male,East,109322.37,31,10.75,180.56,21978.96,5,0.279,0.019,1,0.756,Electronics,8.11
CUST10930,31,Male,South,34498.1,15,1.6,17.34,303.93,46,0.034,0.092,0,0.256,Groceries,4.38
CUST10931,45,Male,Central,52633.48,25,3.78,54.43,2730.4,2,0.581,0.0,1,0.278,Apparel,7.14
CUST10932,46,Female,West,63440.65,1,3.26,67.17,2572.17,14,0.368,0.009,1,0.205,Home & Kitchen,8.7
CUST10933,27,Male,South,40499.53,17,6.78,63.19,4505.52,8,1.0,0.064,0,0.694,Beauty,5.35
CUST10934,48,Female,South,32446.44,23,4.97,17.81,1064.04,40,0.48,0.064,0,0.19,Groceries,7.75
CUST10935,39,Male,Central,75285.16,20,6.7,164.83,11335.04,12,0.381,0.025,0,0.642,Apparel,8.53
CUST10936,28,Male,North,43652.47,46,3.47,26.54,989.85,50,0.297,0.124,0,0.161,Apparel,6.24
CUST10937,19,Male,South,53481.3,15,3.59,45.97,1739.48,30,0.656,0.043,1,0.433,Electronics,7.08
CUST10938,43,Male,West,28002.42,40,2.05,31.87,871.69,30,0.461,0.08,0,0.479,Apparel,7.2
CUST10939,27,Male,West,44507.21,1,3.58,60.0,2459.0,4,0.847,0.051,1,0.563,Apparel,8.84
CUST10940,42,Female,South,94014.56,60,7.95,143.15,13401.95,7,0.382,0.0,0,0.7,Groceries,7.91
CUST10941,26,Female,West,47424.92,33,1.58,24.93,534.95,1,0.937,0.131,1,0.586,Apparel,10.0
CUST10942,39,Male,East,89973.2,31,1.74,223.19,4155.18,65,0.152,0.111,0,0.466,Apparel,5.15
CUST10943,40,Male,South,61353.52,1,3.94,36.76,1794.89,39,0.513,0.164,1,0.511,Electronics,7.27
CUST10944,49,Female,West,32332.72,31,2.79,16.4,576.49,39,0.194,0.021,0,0.401,Sports & Outdoors,
CUST10945,32,Male,North,32527.4,30,3.75,11.65,557.24,33,0.433,0.063,0,0.642,Apparel,8.9
CUST10946,33,Male,South,32944.49,29,3.08,9.34,357.75,49,0.195,0.016,1,0.266,Apparel,6.63
CUST10947,41,Male,North,56865.42,32,3.53,46.86,2052.18,30,0.373,0.079,0,0.447,Beauty,6.75
CUST10948,43,Female,East,65036.36,2,4.68,59.91,3709.78,14,0.483,0.08,0,0.552,Groceries,9.0
CUST10949,26,Male,North,34207.4,36,11.15,44.04,5309.43,20,0.801,0.077,0,0.599,Apparel,6.69
CUST10950,19,Female,South,55806.16,55,1.39,205.69,3293.38,113,0.145,0.017,0,0.435,Electronics,7.55
CUST10951,42,Female,South,55744.45,27,1.94,215.23,5164.0,61,0.515,0.0,0,0.29,Home & Kitchen,7.54
CUST10952,44,Male,North,31717.65,33,2.68,7.26,222.95,29,0.306,0.04,0,0.236,Home & Kitchen,6.44
CUST10953,39,Male,Central,55323.02,32,4.29,57.24,3277.54,21,0.544,0.116,1,0.578,Home & Kitchen,8.98
CUST10954,24,Female,North,29214.48,31,9.64,55.22,6908.81,13,0.778,0.0,0,0.568,Sports & Outdoors,6.35
CUST10955,54,Female,South,108252.09,32,6.54,104.63,7289.59,6,0.697,0.028,0,0.641,Groceries,7.82
CUST10956,26,Female,Central,36751.73,20,4.11,38.54,2177.79,26,0.995,0.033,0,0.582,Home & Kitchen,8.89
CUST10957,24,Female,North,27363.0,38,3.33,19.36,874.49,26,0.263,0.095,1,0.399,Beauty,6.34
CUST10958,33,Female,West,24007.25,7,1.69,29.41,580.67,34,0.638,0.007,1,0.63,Apparel,8.52
CUST10959,38,Male,West,81940.54,27,1.95,211.13,4804.88,61,0.37,0.0,0,0.529,Groceries,8.53
CUST10960,33,Male,East,41129.15,5,2.3,20.06,563.05,42,0.211,0.089,0,0.441,Apparel,5.37
CUST10961,27,Female,Central,94385.07,39,1.38,189.91,3107.68,35,0.351,0.045,0,0.474,Electronics,7.67
CUST10962,43,Male,North,100590.07,68,5.8,147.32,10501.23,3,0.612,0.054,1,0.555,Groceries,6.71
CUST10963,43,Male,West,91217.2,22,6.62,149.44,13010.35,19,0.449,0.088,1,0.327,Electronics,9.93
CUST10964,40,Female,North,75548.13,55,5.97,164.41,12548.48,1,0.348,0.043,0,0.376,Apparel,5.38
CUST10965,43,Male,South,67273.32,47,9.59,85.02,11247.86,7,0.303,0.079,1,0.493,Home & Kitchen,8.17
CUST10966,43,Female,West,66363.68,28,2.48,154.66,4486.6,30,0.317,0.0,0,0.382,Beauty,9.17
CUST10967,47,Female,East,59372.24,32,10.73,165.35,19052.92,14,0.346,0.088,0,0.045,Electronics,7.65
CUST10968,22,Female,North,32175.54,17,7.59,42.01,3848.4,3,0.77,0.148,0,0.593,Apparel,7.69
CUST10969,28,Male,East,35186.8,37,6.22,69.53,5433.06,3,0.87,0.086,0,0.367,Beauty,8.99
CUST10970,40,Female,South,43131.01,16,0.57,318.11,2103.21,101,0.131,0.063,0,0.221,Sports & Outdoors,8.67
CUST10971,20,Female,North,45823.84,9,6.35,73.37,4828.97,21,0.668,0.049,0,0.515,Home & Kitchen,7.13
CUST10972,46,Female,East,48520.35,40,1.67,294.53,5882.17,88,0.142,0.021,0,0.411,Electronics,8.36
CUST10973,34,Female,Central,29831.39,46,3.27,26.6,1088.14,60,0.488,0.088,0,0.717,Groceries,6.96
CUST10974,26,Female,South,29761.93,22,2.37,5.0,131.49,46,0.698,0.062,0,0.463,Electronics,8.07
CUST10975,45,Female,West,98194.76,31,8.7,174.68,18923.41,10,0.641,0.153,0,0.605,Sports & Outdoors,6.32
CUST10976,35,Female,West,34105.74,25,7.18,36.02,3519.07,15,0.837,0.029,0,0.573,Home & Kitchen,8.42
CUST10977,39,Female,North,33931.62,16,0.66,8.48,70.34,28,0.333,0.092,0,0.45,Apparel,8.52
CUST10978,18,Non-binary,North,30523.48,25,7.5,44.97,4371.68,9,0.738,0.094,0,0.683,Sports & Outdoors,6.8
CUST10979,24,Female,East,31188.98,9,8.95,23.3,2507.09,9,0.78,0.046,1,0.538,Apparel,7.12
CUST10980,53,Male,South,105544.63,61,10.43,188.57,23564.6,2,0.455,0.047,1,0.457,Apparel,4.72
CUST10981,40,Female,Central,63053.95,11,1.79,286.15,5478.5,96,0.583,0.118,1,0.606,Apparel,7.51
CUST10982,47,Male,North,28752.91,42,3.18,24.65,922.86,61,0.44,0.113,0,0.227,Apparel,7.54
CUST10983,48,Male,Central,28181.61,24,0.66,28.64,246.74,55,0.433,0.069,0,0.409,Sports & Outdoors,6.54
CUST10984,67,Male,North,51167.74,43,1.29,163.87,2668.95,123,0.549,0.099,0,0.505,Sports & Outdoors,8.23
CUST10985,26,Female,West,33655.34,67,3.69,37.24,1796.7,2,0.792,0.072,0,0.398,Home & Kitchen,6.8
CUST10986,46,Female,North,72269.32,18,3.02,203.89,7580.06,95,0.351,0.031,0,0.303,Beauty,7.03
CUST10987,22,Male,South,45569.19,15,5.97,46.94,2923.25,16,0.787,0.12,0,0.623,Groceries,7.06
CUST10988,40,Female,Central,80451.25,56,7.09,176.53,15740.76,1,0.397,0.072,1,0.456,Electronics,6.93
CUST10989,31,Male,East,61887.36,30,4.59,57.36,2741.95,12,0.62,0.003,1,0.458,Groceries,
CUST10990,24,Male,South,55746.56,43,2.67,201.28,5853.24,60,0.276,0.126,1,0.349,Beauty,8.86
CUST10991,70,Female,West,69583.9,56,1.47,101.2,1732.93,53,0.202,0.037,0,0.245,Groceries,8.74
CUST10992,38,Female,South,84028.73,49,10.32,151.31,17999.87,7,0.527,0.0,1,0.373,Sports & Outdoors,9.81
CUST10993,27,Male,East,18125.5,51,4.69,79.76,4832.14,16,0.918,0.061,0,0.656,Groceries,6.93
CUST10994,35,Male,West,101452.23,24,5.95,140.48,9028.02,1,0.816,0.025,0,0.373,Groceries,5.93
CUST10995,26,Male,East,34095.67,30,0.58,16.44,100.98,47,0.611,0.045,0,0.45,Apparel,7.4
CUST10996,46,Male,East,64151.72,3,4.2,42.85,2371.14,27,0.362,0.0,1,0.458,Sports & Outdoors,9.63
CUST10997,49,Male,West,37018.29,25,1.53,9.23,182.71,29,0.376,0.128,1,0.513,Beauty,6.74
CUST10998,33,Female,North,41590.28,53,2.31,93.69,2563.94,13,0.451,0.0,0,0.263,Sports & Outdoors,7.2
CUST10999,26,Male,West,35350.39,41,1.99,45.89,959.75,12,0.813,0.098,0,0.577,Apparel,7.32
